SiO2(wt%),TiO2(wt%),Al2O3(wt%),FeOT(wt%),CaO(wt%),MgO(wt%),MnO(wt%),P2O5(wt%),Na2O+K2O,Na2O+K2O/SiO2
46.11,0.79,15.25,10.41,12.29,5.35,0.14,0.15,3.89,0.08436347864
48.76,2.25,12.67,11.36,8.79,12.69,0.16,0.28,2.49,0.05106644791
46.6,3.54,12.41,12.35,10.98,10.13,0.19,0.45,3.35,0.07188841202
50.23,1.05,18.43,10.45,10.34,5.45,0.18,0.13,2.58,0.05136372686
46,1.56,14.17,13.78,10.88,7.28,0.23,0.1,2.42,0.05260869565
48.1,1.22,15.83,10.47,12.67,7.94,0.17,0.14,2.28,0.0474012474
49.19,1.44,15.26,10.41,10.68,6.13,0.14,0.19,3.17,0.06444399268
50.5,0.68,15.83,10.91,11.74,6.41,0.22,0.06,2.36,0.04673267327
50.53,1.27,14.6,9.87,10.05,8.89,0.18,0.38,4.19,0.08292103701
51.16,2.17,13.15,14.13,8.86,4.76,0.26,0.34,3.91,0.07642689601
48.1,3.36,14.4,10.83,10.8,5.88,0.25,0.39,3.5,0.07276507277
48.81,1.1,15.79,8.07,10.43,10.18,0.15,0.37,4.23,0.08666256915
51.27,3.18,12.64,13.65,7.67,4.09,0.255,1.42,4.28,0.08347961771
48.39,1.83,17.45,9.39,9.91,6.63,0.14,0.42,4.52,0.09340772887
50.6,0.73,12.9,11.7,10.5,9.6,0.21,0.1,2.5,0.04940711462
46.72,2.49,14.66,12.03,12.23,6.55,0.19,0.36,2.93,0.0627140411
48.71,1.84,13.92,11.55,9.17,9.22,0.17,0.26,3.87,0.07944980497
49.4,2.24,16.05,9.72,11.65,5.2,0.19,0.27,3.44,0.06963562753
45.85,1.94,14.5,8.43,10.55,9.5,0.14,0.58,4.15,0.09051254089
46.14,2.2,13.68,9.98,11.95,6.4,0.17,0.37,4.35,0.09427828349
46.2,2.69,15.16,11.92,10.67,8.26,0.19,0.39,2.81,0.06082251082
48.43,1.25,17.24,12.62,7.22,8.66,0.15,0.11,2.78,0.05740243651
47.4,1.37,8,16.47,13.7,8.17,0.247,0.088,2.62,0.0552742616
45.47,1.1,9.79,10.86,8.92,20.46,0.18,0.16,1.5,0.03298878381
51.75,0.88,18.3,10.39,9.61,4.02,0.18,0.08,2.19,0.04231884058
50.09,1.19,17.37,7.27,10.11,7.42,0.13,0.42,4.09,0.08165302456
50.22,1.87,15.81,12.08,8.25,5.19,0.12,0.37,4.66,0.09279171645
46.25,3.24,10.84,12.48,10.33,13.26,0.19,0.37,3.05,0.06594594595
49.82,3.51,13.28,13.13,9.11,4.58,0.21,0.75,4.15,0.08329987957
49.8,3.29,10.39,12.42,9.31,10.61,0.16,0.33,1.58,0.03172690763
51.08,3.57,12.95,13.2,9.8,5.26,0.2,0.48,3.47,0.06793265466
50.92,2.44,9.97,11.18,9.89,8.41,0.19,0.24,3.38,0.06637863315
50.45,1.33,16.43,8.4,9.07,8.74,0.14,0.29,4.44,0.08800792864
50.74,1.12,18.82,9.31,10.48,4.86,0.17,0.21,3.25,0.06405202996
50.77,0.95,16.37,9.41,10.31,7.96,0.16,0.22,3.84,0.07563521765
48.84,1.49,14.66,11.77,9.18,3.81,0.141,0.591,3.6,0.07371007371
49.38,4.37,12.77,13.6,8.81,3.98,0.19,0.48,3.11,0.06298096395
49.15,0.78,15.55,11.6,11.76,7.93,0.2,0.07,1.67,0.03397761953
48.81,1.07,18.49,11.17,10.71,5.47,0.19,0.12,2.71,0.05552140955
47.71,1.3,14.46,10.34,9.86,10.5,0.18,0.16,3.08,0.06455669671
47.93,2.49,14.22,10.6,11.09,8.21,0.17,0.29,3.07,0.06405174212
47.61,1.41,16.01,11.18,11.87,7.64,0.18,0.21,3.31,0.06952320941
49.9,1.48,14.9,11.43,12.2,6.8,0.18,0.13,2.41,0.04829659319
50.17,2.09,11.61,11.26,8.79,14.14,0.21,0.2,1.7,0.03388479171
51.07,3.37,12.83,15.1,8.06,3.93,0.16,0.61,4.34,0.08498139808
48.84,1.4,16,10.49,7.8,7.26,0.17,0.26,4.19,0.08579033579
49.89,1.14,16.23,10.37,7.32,9.29,0.11,0.08,4.24,0.08498697134
48.82,0.78,14.29,7.39,11.67,3.01,0.22,0.08,2.31,0.04731667349
50.17,1.07,15.18,12.17,10.76,6.81,0.187,0.09,2.02,0.04026310544
51.86,2.97,13.47,11.57,10.14,5.79,0.16,0.37,3.2,0.06170458928
50.47,1.24,14.58,9.62,8.95,8.93,0.17,0.39,4.15,0.08222706558
49.67,1.44,15.12,10.71,12.09,7.92,0.18,0.1,2.54,0.05113750755
49.57,2.44,14.37,12.76,10.96,5.79,0.22,0.24,2.65,0.05345975388
45.8,3.6,13.45,11.47,11.07,6.37,0.16,0.54,4.63,0.1010917031
45.2,0.462,10.7,11,8.87,16.7,0.206,0.036,0.744,0.01646017699
49.2,1.25,15.83,10.4,12.36,6.56,0.21,0.12,2.23,0.04532520325
45.23,2.7,11.2,11.2,9.91,14.45,0.17,0.77,4.49,0.09927039576
46.53,1.47,15.73,12.98,11.03,8.31,0.19,0.14,2.13,0.04577691812
51.73,1.92,14.2,10.68,9.1,5.43,0.18,0.2,3.63,0.07017204717
49.11,2.87,12.77,14.51,9.4,5.18,0.2,0.35,2.95,0.06006923234
46.18,0.79,13.49,12.4,13.64,9.35,0.17,0.07,0.18,0.003897791252
50.02,1.37,15.61,8.3,10.6,9.87,0.15,0.33,4.11,0.08216713315
48.31,1.73,15.94,11.34,8.59,8.58,0.16,0.31,4.62,0.09563237425
47.78,0.8438,13.63,10.85,9.912,8.292,0.2473,0.0755,2.7122,0.05676433654
50.57,0.91,10.24,13.71,11.04,10.04,0.26,0.06,1.64,0.03243029464
48.99,0.8,15.42,9.12,11.35,11.06,0.16,0.11,2.62,0.0534803021
45.44,2.43,12.38,12.23,10.12,10.93,0.18,0.47,4.61,0.1014524648
49.76,0.914,14.1,11.83,11.17,7.43,0.198,0.068,2.294,0.04610128617
48.4,1.24,16.4,12.55,2.85,5.83,0.33,0.27,4.85,0.1002066116
51.85,0.77,17.57,10.98,10.52,5.31,0.19,0.1,2.89,0.05573770492
50.7,0.28,11.19,8.39,8.56,13.72,0.178,0.071,2.45,0.0483234714
51.48,0.81,15.09,9.47,10.62,10.13,0.16,0.14,2.12,0.04118104118
47.96,1.72,14.91,11.43,8.4,8.51,0.16,0.34,4.72,0.09841534612
50.86,2.15,14.67,10.73,10.11,5.72,0.21,0.26,3.34,0.06567046795
49.69,0.82,16.15,10.53,10.47,6.13,0.18,0.05,3.81,0.0766753874
51.07,3.26,14.5,13.64,8.67,4,0.17,0.44,4.18,0.08184844331
47.94,3.8,14.99,15.9,9.04,4.37,0.22,0.49,3.25,0.06779307468
47.04,1.579,14.22,10.63,11.82,6.74,0.175,0.12,2.31,0.04910714286
49.9,1.1,18.01,8.83,12.47,7.27,0.16,0.18,2.99,0.05991983968
48.27,3.48,13.75,13.97,10.3,5.28,0.25,0.48,3.9,0.08079552517
48.72,0.98,16.69,11.78,9.24,7.07,0.06,0.04,3.35,0.06876026273
49.46,2.52,12.79,10.86,9.92,6.47,0.15,0.12,1.84,0.03720177922
48,3.69,13.5,12.5,11.5,6.12,0.18,0.33,3.19,0.06645833333
48.6,0.99,17.34,9.26,10.81,5.76,0.16,0.19,3.52,0.07242798354
45.37,0.84,11.42,18.32,11.77,8.14,0.36,0.06,1.69,0.03724928367
48.55,2.018,14.21,12.64,9.95,7.47,0.216,0.172,2.653,0.05464469619
50.97,1.04,15.58,9.15,10.68,9.13,0.16,0.25,3.12,0.06121247793
48.35,0.79,14.58,12.59,9.71,8.18,0.21,0.1,3.12,0.0645294726
51.88,1.09,16.58,8.47,8.57,7.75,0.16,0.21,3.69,0.07112567463
45.9,2.98,13.81,10.94,11.06,10.2,0.17,0.45,3.57,0.07777777778
46.4,2.7,13.6,12.3,10.3,6.7,0.22,0.25,3.15,0.06788793103
50.1,0.874,17.65,10.21,8.718,5.224,0.191,0.365,4.484,0.089500998
49.37,1.89,16.11,12.42,8.42,5.3,0,0.36,4.23,0.08567956249
50.9,2.74,13.2,13.9,10,5.7,0.24,0.27,3.03,0.05952848723
48.51,2.684,16.83,10.36,9.89,6.61,0.17,0.419,4.257,0.08775510204
45.9,3.38,15.13,12.96,7.69,5.73,0.2,0.846,4.33,0.09433551198
49.5,1.11,12.99,12.37,11.21,8.97,0.18,0.14,2.28,0.04606060606
50.05,1.54,14.94,10.9,9.79,8.46,0.18,0.32,3.82,0.07632367632
50.53,1.24,13.49,10.82,10.98,8.91,0.18,0.12,2.38,0.04710073224
49.03,1.926,16.55,11.5,9.83,6.75,0.195,0.291,3.93,0.08015500714
73.26,0.13,12.11,1.34,1.57,0.7,0.07,0.01,9.57,0.1306306306
71.27,0.28,11.96,1.4,1.19,0.24,0.04,0.01,7.2,0.1010242739
74,0.27,12.85,1.47,1.4,0.2,0.03,0.04,7.49,0.1012162162
76.22,0.2,12.85,1.61,1.03,0.33,0.06,0.02,7.51,0.0985305694
76.92,0.12,11.41,1.43,0.5,0.21,0.028,0.022,7.77,0.1010140406
71.26,0.34,15.78,1.58,2.36,0.23,0.01,0.13,8.31,0.1166152119
72.43,0.11,14.76,1.96,2.18,0.24,0.04,0.06,6.36,0.08780891896
71.47,0.284,13.98,2.19,1.58,0.43,0.072,0.07,7.05,0.09864278718
80.42,0.06,11.61,1.3,0.05,0.11,0.01,0.01,4.46,0.05545884108
73.69,0.33,12.24,6.85,0.56,1.54,0.15,0.08,4.55,0.0617451486
75.9,0.08,14.8,1.24,0.18,0.03,0.03,0.01,7.58,0.09986824769
74.12,0.26,13.9,1.93,1.64,0.4,0.069,0.048,7.28,0.09821910416
76.27,0.19,12.51,1.57,0.19,0.09,0.07,0.01,8.98,0.1177396093
70.021,0.196,13.098,2.534,1.418,0.105,0.085,0,7.653,0.1092957827
73.16,0.0585,12.07,0.8741,0.6851,0.019,0.0019,0.0133,7,0.09568069984
72.64,0.0577,12.08,12.633,0.9876,0.0426,0.0582,0.0121,7.66,0.1054515419
72.53,0.2,14.59,0.98,1.6,0.38,0.03,0.07,9.13,0.1258789466
69.47,0.5,14.62,3.3,2.59,1.34,0.08,0.13,7.6,0.1093997409
74.52,0.254,10.41,4.248,0.38,0.11,0.103,0.01,8.47,0.1136607622
76.06,0.06,12.48,1.02,0.54,0,0.04,0.01,8.6,0.11306863
74.26,0.1,14.87,1.07,2.3,0.48,0.02,0.06,6.84,0.09210880689
71.4,0.0548,11.25,0.7382,0.6262,0.0387,0.0589,0.0285,6.96,0.0974789916
73.41,0.0465,11.98,0.9054,0.8295,0.0255,0.1199,0.0191,7.11,0.09685328974
73.11,0.33,14.58,2.91,2.25,0.41,0.03,0.01,6.04,0.08261523731
73.02,0.17,13.8,2.15,0.25,0.1,0.02,0.03,10.46,0.1432484251
77.16,0.24,12.54,2.75,0.56,1.34,0.01,0.04,5.18,0.06713322965
76.3,0.2,13.2,1.54,1.11,0.43,0.07,0.04,7.14,0.09357798165
74.11,0.18,11.83,0.92,0.84,0.16,0.02,0.03,6.89,0.09296990959
72.07,0.18,14,0.94,0.36,1.74,0.01,0.02,9.21,0.127792424
73.38,0.0427,11.77,0.7585,0.8294,0.05,0.1039,0.0013,7.91,0.1077950395
74.37,0.45,11.72,3.74,0.61,0.71,0.1,0.08,7.8,0.1048810004
72.99,0.311,12.03,3.83,1.86,0.159,0.096,0.042,6.61,0.09056035073
73.36,0.34,14.2,2.25,2.1,0.46,0.06,0.02,6.96,0.09487459106
73.18,0.52,13.16,2.72,1.69,0.35,0.04,0.11,6.16,0.08417600437
72.25,0.28,14.33,2.24,1.83,0.69,0.07,0.1,7.96,0.1101730104
74,0.17,12.9,0.9,0.8,0.5,0.04,0.02,9.3,0.1256756757
77.64,0.17,10.99,3.06,0.03,0.1,0.02,0.05,7.3,0.09402369912
77.82,0.05,12.33,0.79,0.25,0.05,0.01,0.02,8.72,0.1120534567
78.3,0.11,11.4,0.87,1.07,0.25,0.02,0.02,6.36,0.08122605364
70.59,0.29,15.04,2.79,1.54,0.01,0.09,0.12,8.73,0.1236719082
71.56,0.06,13.23,0.74,0.45,0.19,0.07,0.02,8.19,0.1144494131
70.25,0.61,13.49,2.88,2.75,1.03,0.05,0.13,7.12,0.1013523132
71.82,0.35,11.56,5.27,0.62,0.88,0.16,0.05,7.64,0.1063770537
73.98,0.24,13.23,2.42,0.01,0.39,0.05,0.02,8.26,0.1116517978
82.82,0.35,8.31,1.39,0.08,0.15,0.01,0,5.47,0.06604684859
73.5,0.26,10.99,1.95,0.5,0.37,0.07,0.03,8.94,0.1216326531
71.39,0.59,12.46,3.76,1.72,0.46,0.06,0.16,7.89,0.1105196806
75.15,0.17,13.6,1.16,0.91,0.01,0,0.03,8.41,0.1119095143
79.07,0.53,10.26,1.83,1.71,0.2,0.02,0.14,4.35,0.05501454407
77.57,0.1,12.46,0.89,0.73,0.1,0.06,0.02,7.96,0.1026169911
70.5,0.52,13.1,4.2,1.47,0.58,0.08,0.18,7.17,0.1017021277
77.11,0.11,13.22,0.97,0.02,0.01,0.01,0.01,7.02,0.09103877577
75.21,0.118,12.59,0.79,0.6,0.16,0.087,0.025,8.81,0.1171386784
71.3,0.13,12.2,0.82,0.91,0.22,0.06,0.02,8.4,0.1178120617
75.1,0.14,13.3,0.81,0.58,0.22,0.02,0.013,7.13,0.09494007989
74.38,0.19,13.39,0.95,0.52,0.18,0.048,0.009,9.04,0.1215380479
84.26,0.17,8.04,1.21,0.54,0.19,0.03,0.04,5.38,0.06384998813
73.33,0.0224,12.09,0.8673,0.6992,0.0326,0,0,7.57,0.1032319651
73.1,0.0368,11.82,0.9588,0.679,0.0405,0.0075,0.0311,7.46,0.1020519836
74.7,0.23,12.9,2.11,0.85,0.2,0.04,0.04,8.49,0.1136546185
74.39,0.35,9.11,6.41,0.06,0.65,0.1,0.02,5.06,0.06801989515
72.11,0.25,14.65,2.41,0.1,1.11,0.05,0.02,6.21,0.08611843018
73.84,0.29,14.38,2.1,1.38,0.29,0.08,0.03,7.39,0.1000812568
74.48,0.28,12.08,1.89,0.74,0.13,0.01,0.06,7.81,0.1048603652
72.35,0.41,13.55,2.34,0.09,1.28,0.03,0.07,7.74,0.1069799585
80.831,0.112,9.67,1.38,0.106,1.549,0.0562,0,4.704,0.0581954943
78.62,0.119,10.74,2.48,0.09,0.03,0.028,0.02,7.78,0.09895700839
73.15,0.36,15.08,2.32,1.77,0.43,0.09,0.08,6.27,0.08571428571
72.36,0.26,15.37,1.35,2.02,0.17,0.01,0.06,8.39,0.1159480376
74.4,0.23,12.6,0.68,1.01,0.13,0.02,0.02,8.36,0.1123655914
76.62,0.16,12.85,1.13,1.15,0.23,0.03,0.02,7.68,0.1002349256
76.58,0.07,12.5,2.01,0.49,0.24,0.06,0.03,7.29,0.09519456777
73.48,0.23,15.71,1.57,1.61,0.28,0.07,0.04,6.84,0.09308655416
72.9,0.22,13.5,1.82,0.83,1.25,0.04,0.02,6.67,0.0914951989
73.2,0.36,12.8,0.94,0.69,0.09,0.03,0.01,8.52,0.1163934426
70.7,0.33,13.45,2.11,1.53,0.49,0.03,0.07,6.8,0.09618104668
74.68,0.0314,11.96,0.9935,0.7393,0.0471,0.094,0.0369,7.44,0.09962506695
71.21,0.0362,12.07,0.7315,0.6923,0,0,0,7.28,0.1022328325
72.17,0.3,14.61,2.12,2.09,1.3,0.01,0.08,6.71,0.09297492033
73.88,0.043,12.32,0.9378,0.7778,0.0414,0.0365,0.0087,7.59,0.1027341635
73.59,0.0432,11.42,0.8772,0.6781,0.0604,0.0445,0,7.6,0.1032749015
78.65,0.14,11.4,1.1,0.21,0.45,0.03,0.02,6.79,0.08633184997
73.37,0.41,13.95,1.84,0.7,0.19,0.05,0.06,9.39,0.1279814638
73.2,0.33,14.33,2.23,2.47,0.44,0.07,0.07,6.61,0.09030054645
72,0.25,14.6,1.62,1.6,0.57,0.04,0.08,8.18,0.1136111111
75.35,0.042,11.9,0.801,0.6752,0.0704,0.0848,0.0087,7.77,0.103118779
77.7,0.12,8.98,1.56,2.16,0.25,0.01,0.02,4.05,0.05212355212
74.53,0.12,13.17,1.58,1.11,0.21,0.04,0.02,7.08,0.0949953039
76.69,0.22,13.26,1.37,1.54,0.29,0.07,0.05,6.35,0.08280088669
75.98,0.21,11.41,2.08,0.28,0.18,0.03,0.01,8.68,0.1142405896
72.84,0.42,11.87,2.6,2.31,0.77,0.02,0.13,5.95,0.08168588688
70,0.37,15.1,3.03,2.47,1.72,0.05,0.05,7.23,0.1032857143
74.9,0.24,10.24,4.45,0.32,0.08,0.11,0.01,9.68,0.1292389853
74,0.14,13.2,0.98,0.67,0.15,0.05,0.01,8.79,0.1187837838
73.285,0.184,13.732,1.62,1.87,0.263,0.053,0.03,6.723,0.09173773624
77.59,0.2081,12.87,0.3739,0.2817,0.0404,0,0.047,9.12,0.1175409202
72.37,0.28,14.32,2.29,0.47,0.1,0.02,0.05,8.79,0.1214591682
76.99,0.06,12.58,0.6,0.31,0.02,0.02,0.02,7.3,0.09481750877
74.77,0.279,13.3,1.46,0.286,0.195,0.031,0.011,8.91,0.1191654407
76.7,0.19,12.5,1.25,1.18,0.17,0.06,0.04,7.26,0.09465449804
61.62,0.8,17.94,4.97,5.73,2.96,0.09,0.19,5.15,0.08357676079
58.93,0.82,16.62,6.31,6.61,4.38,0.1,0.33,5.52,0.09367045647
60.58,0.64,16.87,4.55,5.86,2.79,0.08,0.15,4.92,0.08121492242
58.08,0.77,17.16,4.44,0.08,4.49,3.72,0.18,4.53,0.07799586777
57.03,1.17,17.44,7.35,6.87,3.89,0.13,0.34,5.38,0.09433631422
62.1,0.48,16.3,4.07,6.23,2.93,0.09,0.25,5.91,0.09516908213
61.17,0.51,19.18,4.46,5.71,1.17,0.14,0.24,6.36,0.1039725356
60.74,0.76,15.94,7.42,7.14,3.81,0.13,0.1,3.96,0.06519591702
59.63,0.91,16.93,5.47,6.24,3.5,0.1,0.2,5.37,0.09005534127
61.69,0.71,15.39,2.65,6.06,3.59,0.05,0.24,5.45,0.08834495056
59.47,0.8,13.1,8.6,3.69,3.67,0.17,0.27,5.97,0.1003867496
60.8,0.93,16.53,5.2,6.28,2.84,0.07,0.35,5.87,0.09654605263
58.57,0.93,16.22,9.07,7.78,3.81,0.17,0.11,3.34,0.05702578112
58.7,1.03,13.5,9.63,7.12,3.38,0.15,0.2,4.9,0.08347529813
57.17,0.78,16.97,5.69,6.74,3.32,0.11,0.2,5.76,0.1007521427
61.9,0.68,17.19,3.73,4.79,1.87,0.05,0.25,6.59,0.1064620355
59.76,0.69,16.81,5.34,5.45,2.53,0.08,0.18,6.27,0.1049196787
58.9,0.68,19.25,8.4,1.76,4.29,0.16,0.32,4.41,0.07487266553
58.43,1.14,16.66,6.32,4.89,1.65,0.09,0.24,4.25,0.07273660791
59.36,0.82,17.38,5.57,6.4,3.56,0.12,0.28,5.51,0.09282345013
58.02,0.846,17.22,6.19,7.17,3.68,0.117,0.323,5.28,0.09100310238
59.81,0.68,16.01,7.08,6.96,2.98,0.16,0.1,4.57,0.07640862732
58.8,0.92,16.23,8.95,7.28,2.75,0.14,0.24,4.69,0.07976190476
57.41,0.71,16.17,7.59,7.7,4.27,0.16,0.08,4.26,0.07420310051
59.98,0.86,16.54,5.75,6.19,4.53,0.11,0.17,5.62,0.0936978993
62.4,0.51,16.81,4.5,7,3.75,0.12,0.1,4.4,0.07051282051
58.4,1.1,15.6,6.9,5.8,6.2,0.1,0.3,5.5,0.09417808219
60.17,1.17,16.44,6.91,5.85,3.74,0.1,0.37,6.12,0.1017118165
58.63,0.85,17.95,5.96,6.73,3.75,0.13,0.3,5.51,0.09397919154
57.14,0.65,17.17,6.66,8.28,5.01,0.12,0.13,4.1,0.07175358768
58.92,0.6366,17.48,5.43,7.197,3.607,0.1279,0.2234,5.367,0.09108961303
58.89,0.91,16.12,9.38,7.07,2.6,0.19,0.13,3.92,0.0665647818
57.77,0.59,14.52,4.89,3.04,8.56,0.09,0.26,5.62,0.09728232647
62.94,0.68,15.93,4.36,4.46,2.57,0.08,0.2,6.98,0.1108992691
61.9,0.73,15.8,4.82,5.12,4.54,0.08,0.18,5.96,0.09628432956
59.37,0.54,17.87,6.55,7.49,3.06,0.17,0.13,4.09,0.06889001179
59.03,0.66,17.03,5.63,6.38,3.5,0.12,0.16,5,0.08470269355
58.01,0.74,19.29,6.52,7.62,2.61,0.11,0.19,3.93,0.06774694018
59.09,0.84,17.12,7.28,6.15,3.11,0.14,0.15,5.07,0.08580132002
57.33,1.03,17.86,7.26,6.47,3.18,0.14,0.18,5.07,0.08843537415
60.28,0.8,16.45,8.06,6.93,3.37,0.16,0.1,3.85,0.06386861314
61.8,0.54,16.3,6.25,5.85,3.57,0.1,0.11,4.83,0.07815533981
59.9,0.97,16.7,7.58,5.8,2.45,0.21,0.46,6.36,0.1061769616
61.936,0.626,15.933,4.86,6.263,1.743,0.105,0.113,5.355,0.086460217
59.634,0.666,17.81,4.17,6.959,3.197,0.029,0.141,5.913,0.09915484455
58.55,0.82,19.77,4.89,7.16,1.53,0.1,0.33,5.66,0.09666951324
61.9,0.7,16,4.68,4.8,2.3,0.1,0.2,6.8,0.1098546042
61.69,0.53,16.51,5.25,5.67,2.36,0.1,0.15,6.07,0.09839520182
58.17,1.1,16.69,6.53,6.1,2.99,0.13,0.25,5.78,0.0993639333
57.12,0.6,19.52,5.91,6.72,4.26,0.14,0.42,5.31,0.09296218487
60.7,0.79,16.33,7.77,6.91,3.3,0.13,0.1,3.98,0.06556836903
57.9,0.77,15.3,6.81,7.3,6.43,0.14,0.12,3.41,0.05889464594
57.11,0.55,17.69,5.15,7.39,4.06,0.13,0.33,4.48,0.07844510594
59.74,0.91,16.14,8.73,6.84,2.42,0.19,0.14,4.32,0.07231335788
62.76,0.5,15.64,4.01,5.35,2.97,0.09,0.16,5.51,0.08779477374
59.51,0.61,17.64,5.45,5.72,1.82,0.12,0.41,5.96,0.1001512351
61.44,0.53,16.47,6.27,6.47,2.75,0.17,0.13,4.35,0.07080078125
59.77,0.82,17.83,5.76,6.09,3.22,0.1,0.24,6.4,0.107077129
59.4,0.7,16.4,4.5,3.9,1.4,0.3,0.14,4.31,0.07255892256
58.35,0.78,17.7,6.02,6.67,4.37,0.1,0.21,5.22,0.08946015424
60.21,0.16,14.46,7.71,9,5.42,0.11,0.03,2.9,0.04816475668
59.84,1.07,16.74,7.06,5.3,1.93,0.18,0.37,6.14,0.1026069519
57.92,0.85,18.93,5.46,7.27,3.47,0.09,0.18,4.99,0.08615331492
60.11,0.91,17.79,5.58,5.42,1.96,0.07,0.22,5.5,0.09149891865
61.02,0.66,16.69,4.34,5.1,2.14,0.11,0.28,6.19,0.1014421501
59.4,0.82,17.8,6.88,4.3,5.22,0.13,0.13,5.15,0.0867003367
61.3,0.68,18.3,5.08,5.78,2.41,0.09,0.22,6.16,0.1004893964
59.72,0.99,18.71,6.01,5.36,2.49,0.11,0.39,6.22,0.1041527127
61.02,0.73,16.63,6.01,6.55,2.72,0.14,0.17,5.72,0.09373975746
59.83,0.86,17.6,5.6,6.18,3.25,0.09,0.18,5.32,0.08891860271
58.85,1.13,15.45,8.33,5.42,4.49,0.15,0.15,5.09,0.08649107901
60.45,0.61,18.03,6.22,6.96,2.67,0.14,0.17,4.73,0.0782464847
59.94,1.08,16.83,6.38,6.44,2.97,0.11,0.37,5.553,0.09264264264
60.63,0.81,15.44,4.79,5.57,3.52,0.09,0.17,4.63,0.07636483589
60.44,0.95,17.42,6.94,5.54,3.1,0.15,0.21,5.24,0.08669755129
61.41,0.66,17.11,3.74,4.99,1.8,0.08,0.24,6.4,0.1042175541
62.25,0.71,16.1,5.36,5.12,3.01,0.09,0.19,5.71,0.09172690763
60.021,0.723,17.164,7.332,7.43,2.798,0.217,0.172,4.142,0.06900918012
62.16,0.54,16.67,5.35,5.91,3.45,0.09,0.32,5.38,0.08655083655
60.31,0.69,14.41,8.22,7.38,3.09,0.21,0.16,3.98,0.06599237274
59.28,0.59,16.3,4.99,6.1,6.15,0.12,0.16,5.35,0.09024966262
61.8,0.73,17.48,4.8,5.6,2.34,0.08,0.23,6.16,0.0996763754
60.09,0.7,14.46,8.71,6.65,3.24,0.14,0.16,4.44,0.07388916625
58.65,0.44,15.04,5.46,6.56,4.79,0.16,0.08,3.86,0.06581415175
58.22,0.54,18.52,6.15,7.26,2.92,0.14,0.2,4.48,0.07694950189
58.81,7,14.82,7.04,6.6,5.7,0.15,0.14,5.28,0.08978064955
57.62,1.53,14.88,10.36,5.25,2.66,0.15,0.26,5.17,0.08972578966
59.45,0.72,16.84,5.64,7.04,4.79,0.1,0.35,5.07,0.08528174937
60.7,0.5,17.86,5.67,6.52,2.39,0.16,0.15,5.46,0.08995057661
61.18,0.87,17.77,6.34,5.71,0.28,0.11,0.27,6.22,0.1016672115
57.445,0.641,18.134,6.86,5.586,3.224,0.182,0.19,4.869,0.08475933502
61.31,0.59,15.41,6.36,5.93,4.97,0.1,0.13,5.22,0.08514108628
57.5,0.82,17.82,6.37,6.55,3.67,0.1,0.23,5.46,0.09495652174
58.6,0.62,17.23,6.47,5.89,3,0.14,0.32,6.09,0.1039249147
62.85,0.8,16.74,6.21,6.27,1.69,0.16,0.23,4.4,0.07000795545
57.12,0.77,18.24,7.15,7.65,3.97,0.15,0.17,4.62,0.08088235294
57.55,0.65,18.23,6.55,7.98,3.74,0.12,0.09,4.36,0.07576020851
57.1,0.92,16.6,5.93,6.32,5.88,0.13,0.27,5.26,0.09211908932
58.69,1.43,14.08,9.68,5.67,2.96,0.14,0.49,5.5,0.09371272789
59.17,0.85,16.95,6.25,6.56,3.67,0.11,0.3,6.14,0.1037688018
69.31,0.43,14.42,3.46,2.43,1.72,0.07,0.09,7.18,0.1035925552
64.65,0.88,13.68,7.95,5.56,1.57,0.19,0.12,4.64,0.07177107502
63.4,0.59,15.85,5.37,5.4,2.69,0.09,0.15,5.28,0.0832807571
65.63,0.42,17.57,3.38,4.59,1.84,0.07,0.13,6.34,0.09660216364
63.73,0.77,18.18,4.83,0.13,1.81,0.06,0.09,6.41,0.1005805743
66.13,0.44,17.13,3.74,4.78,1.9,0.08,0.14,6.03,0.09118403145
63.5,0.51,15.5,4.88,5.36,2.75,0.08,0.13,5.07,0.07984251969
64.21,0.99,16.25,5.02,4.1,1.58,0.11,0.3,7.04,0.109640243
66.64,0.62,15.56,3.45,3.8,1.31,0.07,0.21,7.26,0.1089435774
66.15,0.65,15.6,3.96,0.76,1.99,0.13,0.13,5.86,0.08858654573
64.92,0.87,16.19,5.35,2.65,0.85,0.11,0.22,4.44,0.06839186691
63.27,0.62,19.53,4,4.58,0.49,0.06,0.27,6.53,0.1032084716
64.2,0.58,16.37,4.09,4.95,2.27,0.062,0.19,6.32,0.0984423676
65.57,0.65,13.65,4.27,4.3,3.05,0.12,0.11,5.88,0.08967515632
65.32,0.53,15.57,3.88,4.68,1.98,0.08,0.1,4.4,0.06736068585
66.49,0.78,14.21,5.08,2.58,0.8,0.12,0.18,7.49,0.1126485186
69.3,0.24,14.5,1.42,1.69,0.96,0.06,0.04,6.4,0.09235209235
66.14,0.53,15.2,3.1,3.06,1.86,0.072,0.17,7.24,0.1094647717
64.91,0.6,15.85,3.87,4.85,2.29,0.07,0.16,6.17,0.09505469111
63.7,0.76,16.9,3.88,4.6,1.75,0.06,0.32,6.85,0.1075353218
66.34,0.47,15.63,3.78,4.4,1.78,0.06,0.11,6.2,0.09345794393
64.8,1.09,14,6.95,1.77,1.59,0.05,0.36,6.31,0.09737654321
66.15,1.08,13.92,5.57,2.67,0.89,0.07,0.18,4.58,0.06923658352
63.08,1.12,16.27,5.66,4.31,1.78,0.13,0.27,6.99,0.1108116677
65.88,0.7,14.19,12,6.32,2.55,0.1,0.22,5.47,0.08302975106
67.2,0.825,12.2,7.73,1.76,1.97,0.0632,0.2588,6.86,0.1020833333
63.83,0.35,17.16,3.65,5.84,1.44,0.11,0.11,4.39,0.06877643741
64.76,0.61,15.73,4.76,2.79,1.99,0.09,0.14,6.67,0.1029956763
64.95,0.6,15.99,5.2,5.01,2.11,0.11,0.12,5.51,0.08483448807
63.21,0.64,15.46,4.3,4.15,2.32,0.07,0.18,6.74,0.106628698
64.98,0.69,16.34,5.36,4.6,1.8,0.13,0.17,5.22,0.08033240997
67.5,0.48,15.81,3.51,4.47,1.82,0.06,0.12,6.24,0.09244444444
69.34,0.81,13.31,4.72,1.51,0.85,0.1,0.24,6.83,0.09850014422
69.33,0.5,15.98,3.43,2.97,0.7,0.09,0.04,6.57,0.09476417135
66.1,0.65,11,8.58,2.93,0.25,0.12,0.14,5.83,0.08819969743
67.13,0.65,15.93,4.28,4.61,2.22,0.07,0.19,4.46,0.06643825413
64,0.38,16.1,4.36,4.7,2.13,0.08,0.13,5.77,0.09015625
64.9,0.88,15.17,6.61,4.75,1.71,0.14,0.24,5.1,0.07858243451
70.26,0.31,14.52,2.91,3.58,1.7,0.07,0.06,6.27,0.08923996584
66.84,0.44,15.36,4.43,4.6,1.75,0.12,0.12,5.6,0.08378216637
66.3,0.24,13.1,6.01,4.78,1.33,0.1,0.05,4.11,0.06199095023
68.77,0.75,14.43,4.43,2.57,0.66,0.12,0.17,7.7,0.1119674277
64.53,0.47,15.71,4.13,4.68,2.6,0.1,0.15,6.44,0.09979854331
63.84,0.63,16.96,4.17,5.53,1.97,0.09,0.23,6.32,0.09899749373
68.52,0.64,17.07,4.12,0.24,1.13,0.001,0.09,6.96,0.1015761821
64.54,0.68,15.96,4.67,5.27,2.81,0.1,0.17,5.8,0.0898667493
64.66,0.45,14.74,2.47,3.16,2.09,0.05,0.2,6.25,0.09665944943
65.17,0.54,16.37,4.32,5.22,1.48,0.11,0.15,5.9,0.09053245358
69.71,0.81,13.1,4.98,1.23,0.99,0.06,0.29,6.07,0.0870750251
64.3,0.87,16.1,5.3,4.98,2.86,0.09,0.19,5.91,0.09191290824
69.3,0.43,16.15,3.45,3.58,1.56,0.08,0.05,5,0.07215007215
67.93,1.12,12.41,6.12,3.32,1.11,0.11,0.44,6.34,0.09333137053
64.7,0.5,17.3,3.94,4.34,1.91,0.07,0.15,6.05,0.09350850077
68.04,0.33,11.71,5.62,3.33,0.42,0.09,0.07,6.37,0.09362139918
64.74,0.52,16.82,5.52,3.9,1.65,0.1,0.18,5.95,0.09190608588
65.32,0.49,16.01,4.6,3.7,2.08,0.02,0.19,6.52,0.09981628904
64.3,0.5,16.6,3.93,5.47,2.53,0.09,0.18,5.89,0.09160186625
65.08,0.87,16.52,4.74,3.82,1.37,0.1,0.23,6.87,0.1055623848
65.75,0.52,13.03,4.93,5.51,1.39,0.12,0.05,4.56,0.06935361217
68.22,0.342,16.89,2.3,3.46,0.77,0.04,0.13,7.59,0.1112576957
64.77,0.48,16.28,4.15,5.98,3,0.12,0.1,4.72,0.07287324379
67.78,0.88,12.19,6.13,3.05,1.24,0.11,0.26,6.78,0.1000295072
68.5,0.6,15.3,4.6,1.98,1.66,0.05,0.11,6.69,0.09766423358
64.4,0.59,17,4.85,5.71,1.83,0,0.1,5.53,0.08586956522
70.29,0.4,17.09,1.68,5.76,0,0,0.27,2.95,0.04196898563
64.41,0.5,16.74,3.71,4.43,1.54,0.07,0.2,6.79,0.1054184133
67.62,0.5,16.19,2.94,3.25,0.29,0.03,0.17,7.57,0.1119491275
65.92,0.48,15.67,3.45,4.65,2.03,0.06,0.14,6,0.09101941748
68.82,0.55,14.7,5.43,1.82,0.69,0.11,0.22,7.05,0.1024411508
63.84,0.65,16.04,4.79,4.93,2.72,0.09,0.18,5.87,0.09194862155
66.45,0.439,17.08,2.95,4.06,1.16,0.043,0.18,7.32,0.1101580135
63.78,0.61,16.2,3.32,4.54,1.09,0.07,0.17,6.58,0.103167137
63.32,0.67,16.34,5.64,5.21,2.65,0.12,0.22,5.44,0.08591282375
65.7,0.82,15.11,5.35,3.85,1.31,0.18,0.23,6.94,0.1056316591
67.38,0.47,15.37,4.09,3.9,0.62,0.1,0.12,5.88,0.08726625111
66.78,0.46,16.06,2.93,4.35,2.17,0.06,0.13,6.44,0.0964360587
64.97,0.98,15.01,6.87,5.03,1.38,0.12,0.13,4.05,0.06233646298
70.79,0.33,7.99,6.69,0.94,0.89,0.36,0.02,5.03,0.07105523379
67,0.6,15.7,4.6,4.7,1.4,0.1,0.1,5.7,0.08507462687
64.01,1,16.59,5.07,3.97,1.48,0.11,0.26,7.11,0.1110763943
63.4,0.7,16.54,3.88,4.16,2.06,0.07,0.21,6.31,0.09952681388
68.18,0.299,13.82,3.03,3.23,0.88,0.102,0.1,6.03,0.08844235846
67.84,0.42,14.52,4.69,3.91,1.73,0.14,0.07,4.31,0.06353183962
65.47,0.38,15.66,2.81,3.38,1.54,0.06,0.12,5.75,0.08782648541
67.1,0.48,14.92,3.45,3.63,1.2,0.1,0.139,6.23,0.09284649776
65.54,0.63,15.03,4.08,4.28,2.51,0.08,0.17,6.26,0.09551418981
64.54,0.7,15.36,5.55,5.96,1.29,0.07,0.22,5.69,0.08816237992
64.4,0.66,16.5,3.52,4.18,1.64,0.04,0.16,6.68,0.1037267081
65.06,0.67,18.15,3.9,4.39,1.68,0.1,0.09,5.58,0.08576698432
66.55,0.62,15.3,3.69,3.02,1.82,0.07,0.19,7.17,0.1077385424
69.78,0.364,13.81,3.36,3.66,1.28,0.084,0.09,5.78,0.08283175695
64.44,0.37,16.29,2.31,4.21,0.8,0.1,0.16,5.83,0.09047175667
66.28,0.58,16.16,3.57,4.06,1.73,0.07,0.15,6.47,0.09761617381
63.95,0.6,16.82,3.91,6.25,3.01,0.08,0.18,5.19,0.08115715403
63.21,0.47,17.87,4.27,5.4,1.13,0.14,0.2,6.17,0.09761113748
64.6,0.67,16.1,5.61,1.96,4.33,0.1,0.1,6.38,0.09876160991
66.26,0.54,15.78,3.65,4.34,1.07,0.05,0.16,7.02,0.1059462723
66,0.87,12.5,4.99,3.09,1.23,0.1,0.26,6.17,0.09348484848
69.74,0.67,14.62,3.64,2,0.29,0.04,0.13,5.82,0.08345282478
68.12,0.4,16.5,2.9,2.99,1.15,0.071,0.141,7.7,0.1130358191
54.04,0.73,18.62,7.89,9.19,3.94,0.2,0.14,3.67,0.06791265729
54.37,0.84,16.63,7.28,5.98,3.77,0.11,0.41,5.26,0.09674452823
52.24,2.45,12.43,13.86,7.13,4.53,0.22,0.6,5.01,0.09590352221
55.83,0.78,18.59,5.93,8.71,4.04,0.12,0.22,4.81,0.08615439728
54.19,0.82,18.48,8.57,7.85,3.33,0.18,0.23,4.4,0.08119579258
55.7,1.74,17.16,7.55,7.37,4.29,0.15,0.8,5.52,0.09910233393
56.34,0.66,20.08,6.75,8.04,2.5,0.15,0.31,4.7,0.08342208023
52.74,1.39,17.11,8.41,8.34,7.54,0.15,0.33,4,0.07584376185
55.86,0.88,16.78,7.73,6.36,4.15,0.13,0.15,4.06,0.07268170426
52.35,0.93,19.76,8.92,10.4,4.66,0.17,0.36,3.21,0.06131805158
55.49,0.88,18.08,8.66,8.09,5.18,0.16,0.12,3.34,0.06019102541
52.62,1.34,18.34,8.62,8.69,5.31,0.14,0.26,4.27,0.08114785253
52.54,1.01,19.92,10.21,9.37,3.72,0.19,0.2,4.14,0.07879710697
53.48,0.695,17.39,8.06,10.67,5.26,0.169,0.149,3.086,0.05770381451
52.6,3.52,15.04,11.65,6.79,4.79,0.16,0.73,4.71,0.08954372624
53.28,0.852,16.94,7.7,8.805,5.28,0.1455,0.173,3.925,0.07366741742
55,0.85,17.8,7.3,7.9,4.06,0.19,0.21,3.5,0.06363636364
54.08,0.68,21.91,6.58,9.76,2.08,0.16,0.08,3.93,0.07267011834
53.21,0.65,16.98,8.82,10.09,3.58,0.16,0.14,3.26,0.0612666792
54.44,0.49,18.52,8.6,11.31,4.16,0.16,0.06,2.02,0.0371050698
55.14,0.95,17.52,8.37,8.81,3.47,0.16,0.16,3.56,0.06456293072
52.96,1.89,15.28,10.06,8.44,7.12,0.12,0.21,4.27,0.08062688822
52.74,1.25,15.28,12.01,8.42,3.89,0.23,0.33,4.5,0.08532423208
54.75,0.65,17.04,9.37,8.8,4.66,0.18,0.09,2.66,0.04858447489
54.64,1.48,15.67,10.38,7.86,3.6,0.2,0.28,4.73,0.08656661786
53.6,0.89,18.89,8.86,8.83,3.88,0.2,0.23,4.02,0.075
55.65,0.73,20.85,4.82,6.12,6.97,0.12,0.19,3.84,0.06900269542
54.57,1.39,16.76,9.02,7.49,6.06,0.32,0.29,3.94,0.07220084295
52.025,0.916,18.833,9.16,9.047,4.825,0.202,0.294,4.442,0.08538202787
56.72,0.62,15.77,8.44,9.93,6.16,0.21,0.11,2.26,0.0398448519
53.16,1.65,13.74,9.62,7.86,7.41,0.12,0.26,4.48,0.08427389014
55.52,0.68,15.44,10.15,9.38,4.1,0.18,0.12,2.55,0.04592939481
52.3,0.8,18.9,9.45,8.9,4.4,0.2,0.1,3.4,0.06500956023
53.69,1.17,16.74,7.5,8.21,7.42,0.14,0.21,4.39,0.08176569194
54.9,1.3,16.9,7.56,7.2,4.7,0.13,0.6,5.5,0.1001821494
52.76,0.947,17.63,7.65,7.484,5.552,0.1433,0.347,4.814,0.09124336619
56.1,1.23,15.37,7.72,5.97,5.84,0.13,0.38,5.5,0.09803921569
52.72,1.45,14.07,10.14,6.9,3.65,0.16,0.27,4.38,0.08308042489
54.8,1.25,16.6,8.58,7.46,4.52,0.16,0.44,5.33,0.09726277372
53.8,0.74,14.8,9.12,8.26,5.53,0.15,0.14,4.69,0.08717472119
55.34,0.86,18.34,6.64,8.69,4.32,0.13,0.17,4.53,0.08185760752
55.19,0.99,15.72,8.92,7.54,3.38,0.19,0.3,5.16,0.09349519841
55.15,1.15,16.17,7.94,7.69,4.79,0.14,0.17,5.26,0.0953762466
53.5,1.01,22.15,8.9,5.46,3.5,0.13,0.14,3.61,0.06747663551
54.9,0.66,20.58,6.95,9.4,2.77,0.15,0.23,3.76,0.06848816029
53.19,0.7,14.61,8.35,9.66,9.55,0.17,0.11,2.73,0.05132543711
56.6,0.7,18.3,7.9,8.4,4.5,0.2,0.1,3.2,0.05653710247
54.2,1.22,16.5,8.66,7.37,4.44,0.15,0.45,5.3,0.09778597786
56.77,0.84,17.26,7.76,7.06,4.39,0.15,0.15,3.82,0.06728906112
52.1,1.9,14.4,9.54,9.1,7.4,0.14,0.31,3.92,0.07523992322
54.18,0.305,15.39,9.41,11.3,7.1,0.192,0.105,0.637,0.01175710594
53.57,1.41,15.13,10.39,7.74,4.82,0.15,0.25,4.43,0.08269553855
53.62,1.15,13.91,12.66,8.43,4.6,0.18,0.29,4.32,0.08056695263
55,1.02,13.88,12.46,4.67,4.3,0.19,0.13,5.4,0.09818181818
52.49,1.16,16.67,8.93,8.36,6.34,0.16,0.34,4.02,0.07658601638
55.11,0.84,16.32,7,7.43,4.17,0.12,0.27,5.05,0.09163491199
54.96,1.06,17.52,7.4,8.07,5.56,0.13,0.28,4.62,0.08406113537
52.34,0.49,16.89,9.38,12.09,5.71,0.17,0.08,2.2,0.04203286206
53.14,1.12,15.12,10.1,9.19,4.72,0.2,0.14,3.9,0.07339104253
52.08,0.57,20.82,8.36,7.81,3.61,0.18,0.13,3.03,0.0581797235
54.46,1.075,17.36,6.73,7.54,5.36,0.107,0.226,4.94,0.09070877708
54.06,1.16,16.74,7.73,8.03,6.73,0.12,0.31,4.89,0.09045504994
53.63,0.97,18.13,8.21,8.84,4.23,0.18,0.13,3.61,0.06731307104
54.03,1.56,15.4,8.79,8.39,5.98,0.14,0.54,4.81,0.08902461595
56.34,1.35,17.05,7.9,8.76,4.9,0.16,0.54,3,0.05324813632
52.89,0.74,19.43,7.86,9.17,3.37,0.13,0.15,3.54,0.06693136699
54.59,0.29,14.21,7.95,9.3,10.27,0.15,0.02,2.31,0.04231544239
53.33,1.163,18.58,6.92,8.85,5.18,0.132,0.161,4.631,0.08683667729
54.45,0.81,20.04,7.17,8.99,3.21,0.15,0.16,4.34,0.07970615243
55.75,1.306,17.18,6.91,7.26,4.54,0.131,0.288,5.59,0.1002690583
52.36,1.37,13.7,11.32,8.7,4.69,0.18,0.18,3.22,0.0614973262
52.35,1.01,17.3,7.67,11.01,6.5,0.15,0.13,3.32,0.06341929322
54.3,1.23,17.25,9.18,6.72,3.23,0.18,0.22,4.45,0.08195211786
54.01,0.98,18.75,7.47,9.38,4.77,0.16,0.19,4.27,0.07905943344
54.92,0.65,16.05,7.92,15.56,3.67,0.12,0.1,0.12,0.002184996358
52.68,0.76,18.41,9.15,8.17,4.33,0.22,0.16,3.51,0.06662870159
54.34,1.56,13.91,10.73,5.1,4.09,0.1,0.34,4.26,0.07839528892
52.95,0.81,14.1,7.27,9.97,7.43,0.17,0.17,3.46,0.06534466478
53,1.44,17.8,8.3,8.7,5.4,0.16,0.48,4.68,0.08830188679
53,1.21,18.4,8,9,5.7,0.14,0.27,4.25,0.08018867925
54.29,0.72,15.08,8.22,9.47,8.11,0.15,0.11,3.31,0.06096887088
55.45,0.63,16.56,8.3,9.33,5.5,0.15,0.09,3.49,0.06293958521
56.091,0.738,18.503,8.02,7.697,3.064,0.198,0.316,5.408,0.0964147546
54.27,0.86,17.05,6.44,6.83,5.15,0.11,0.19,4.45,0.08199742031
54.46,1.92,12.52,14.89,6.51,3.09,0.19,0.54,5.34,0.09805361733
52.01,1.628,14.84,10.33,8.65,7.02,0.155,0.2,3.63,0.06979427033
52.32,0.78,20.25,10.27,10.55,2.62,0.22,0.06,2.23,0.04262232416
55.382,0.719,15.482,8.55,7.573,3.464,0.153,0.218,3.876,0.06998663826
55,1.09,16.58,7.14,8.14,4.9,0.12,0.32,4.78,0.08690909091
56.16,0.45,12.12,8.47,7.32,9.74,0.17,0.1,4.62,0.08226495726
52.87,0.79,12.44,12.07,9.1,6.98,0.17,0.18,2.63,0.04974465671
55.9,0.54,18.45,6.68,8.48,4.36,0.16,0.1,3.27,0.05849731664
52.67,1,15.97,8.78,9.52,7.28,0.17,0.16,3.48,0.06607176761
56.38,0.9,16.16,6.58,8.14,5.2,0.12,0.22,5.57,0.09879389855
54.22,1.66,15.77,8.96,6.66,3.73,0.12,0.44,4.68,0.08631501291
55.88,1.15,15.38,11.04,7.48,3.68,0.22,0.14,3.8,0.06800286328
56.04,0.28,13.03,8.18,10.11,8.66,0.17,0.03,2.5,0.04461099215
52.73,0.58,14.31,8.55,10.58,9.23,0.18,0.16,2.52,0.04779063152
53.66,0.91,16.97,8.34,8.68,6.77,0.16,0.17,4.05,0.07547521431
56.5,0.62,16.75,6.39,7.6,2.77,0.11,0.11,3.55,0.06283185841
60.29,0.72,18.39,5.14,2.22,1.03,0.15,0.41,11.65,0.1932327086
65.45,0.94,14.67,3.49,1.63,1.43,0.07,0.37,11.56,0.1766233766
62.18,0.568,12.91,9.04,1.26,0.19,0.341,0.038,11.37,0.1828562239
60.39,0.1,18.62,4.92,0.79,0.68,0.08,0.04,11.49,0.1902632886
62.19,0.29,15.89,3.3,0.81,0.24,0.15,0.05,11.68,0.1878115453
64.01,0.171,17.09,3.7,0.4,0.08,0.14,0.038,12.14,0.189657866
60.12,0.8,17.88,4.92,2.02,0.89,0.15,0.32,12.49,0.2077511643
61.99,0.57,14.84,5.27,0.9,0.3,0.22,0.08,11.7,0.1887401194
61.12,1.03,18.95,2.59,1.53,0.54,0.04,0.08,10.83,0.1771924084
67.76,0.26,13.51,5.17,0.26,0.05,0.15,0.04,11.47,0.1692739079
59.5,0.95,17.9,4.38,2.4,1.01,0.33,0.32,11.35,0.1907563025
60.79,0.52,12.38,9.6,1.44,0.17,0.37,0.06,12.24,0.2013489061
63.56,0.53,18.19,3.1,1.94,0.52,0.24,0.15,11.78,0.1853366897
64.79,0.85,15.27,3.83,0.54,0.72,0.18,0.12,12.64,0.1950918352
61.2,0.55,17.24,5.3,1.68,0.44,0.2,0.13,12.03,0.1965686275
66.462,0.586,16.146,2.589,0.214,0.189,0.047,0.122,11.085,0.1667870362
61.16,0.42,18.66,3.17,1.63,0.38,0.22,0.09,12.33,0.2016023545
64,0.19,17.3,4.04,0.27,0.06,0.19,0.03,11.93,0.18640625
66.58,0.9,16.06,2.39,0.43,0.01,0.09,0.11,12.23,0.1836887954
61.13,0.41,16.89,3.67,0.71,0.25,0.27,0.05,12.82,0.2097169966
65.4,0.96,14.3,3.63,1.02,1.36,0.03,0.61,10.88,0.1663608563
62.05,0.85,19.43,2.9,1,0.48,0.21,0.12,12.64,0.2037066882
67.81,0.383,14.9,2.67,0.64,0.27,0.122,0.05,11.15,0.1644300251
61.13,0.49,14.57,6.27,1.85,0.32,0.21,0.21,10.63,0.1738917062
59.816,0.84,17.087,5.71,2.474,0.912,0.167,0.288,10.883,0.1819412866
62.76,0.72,16.34,3.53,0.68,0.5,0.29,0.08,12.35,0.1967813894
60.01,0.43,18.33,3.71,2.79,0.69,0.13,0.17,12.32,0.2052991168
62.51,0.49,18.4,3.45,0.74,0.47,0.31,0.1,13.24,0.211806111
65.36,0.64,17.09,3.16,0.58,0.37,0.24,0.06,13.51,0.2067013464
61.9,0.15,17.3,4.53,1.08,0.05,0.15,0.03,11.79,0.1904684976
65.1,0.6,14.13,6.38,1.46,0.12,0.22,0.07,11.22,0.1723502304
60.81,0.13,17.69,5.05,1.51,0.12,0.18,0.1,12.01,0.1975004111
62.89,0.33,17.08,4.15,0.56,0.2,0.15,0.07,11.99,0.1906503419
65.11,0.44,15.96,3.63,0.81,0.05,0.15,0.08,10.86,0.1667946552
58.65,0.38,18.38,3.46,2.95,0.89,0.1,0.17,12.16,0.2073316283
67.59,0.73,15.35,2.88,0.68,0.41,0.14,0.1,11.2,0.1657049859
62.6,0.64,13.8,8.01,1.47,0.09,0.31,0.05,11.5,0.1837060703
60.84,0.88,17.52,4.45,1.85,0.68,0.1295,0.296,10.76,0.1768573307
63.45,0.24,15.02,3.36,0.71,0.08,0.15,0.02,10.94,0.1724192277
62.35,0.89,19.23,2.65,1.08,0.35,0.06,0.22,12.26,0.1966319166
61,1.28,13.82,3.78,2.95,3.57,0.06,0.03,12.38,0.2029508197
59.2,0.77,18.3,4.34,2.18,1.13,0.18,0.26,11.6,0.1959459459
58.36,0.58,18.22,4.65,4.38,1.53,0.13,0.25,11.37,0.1948252228
64.59,0.75,16.64,3.34,0.62,0.41,0.33,0.21,12,0.1857872736
60.85,0.23,19.56,2.04,3.04,0.2,0.1,0.01,12.06,0.1981922761
60.8,0.08,12.51,6.61,0.48,0.17,1.05,0.01,12.44,0.2046052632
61.41,0.28,18.12,5.4,0.91,0.3,0.07,0.07,11.49,0.1871030777
60.65,0.43,18.6,3.01,2,0.5,0.15,0.08,12.31,0.2029678483
62.11,0.53,18.74,2.45,2.05,0.48,0.142,0.09,11.48,0.1848333602
64.45,0.62,17.88,2.2,1.645,0.199,0.012,0.205,10.648,0.1652133437
66.98,0.61,9.94,10.5,0.73,0.06,0.24,0.03,11.7,0.1746790087
64.75,0.64,14.91,6.26,1.12,0.21,0.24,0.09,10.85,0.1675675676
62.6,1.04,16.34,5.58,2.41,0.87,0.23,0.22,10.71,0.171086262
66.4,0.91,14.6,2.66,0.84,1.19,0.03,0.5,11.21,0.1688253012
64.6,0.52,16.96,3.43,0.8,0.26,0.24,0.05,13.42,0.2077399381
60.83,0.92,18.32,3.1,1.32,0.46,0.17,0.16,12.74,0.2094361335
67.61,0.423,15.58,2.72,0.7,0.31,0.125,0.09,11.01,0.1628457329
65.36,0.28,17.13,2.22,0.02,0.14,0.08,0.1,12.86,0.1967564259
63.03,0.37,16.4,2.73,3.16,1.72,0.06,0.23,10.97,0.174044106
63.8,0.77,14.6,3.58,1.43,1.59,0.03,0.49,10.79,0.1691222571
63.98,0.407,15.85,4,0.34,0.16,0.19,0.046,12.36,0.1931853704
64.49,0.55,17.07,2.73,0.95,0.28,0.19,0.04,12.86,0.1994107614
59.09,1.11,15.2,4.65,5.08,2.88,0.11,0.68,10.68,0.1807412422
67.01,0.43,15.85,2.8,0.83,0.35,0.12,0.09,11.22,0.1674376959
61.06,0.9,18.55,3.13,1.99,0.63,0.129,0.07,12.04,0.1971830986
62.25,0.54,18.28,3.47,0.75,0.49,0.36,0.13,12.8,0.20562249
64.71,0.83,15.34,3.93,0.43,0.72,0.18,0.11,12.63,0.1951784886
61.69,0.36,16.83,5.83,1.58,0.29,0.21,0.1,10.96,0.1776625061
58.44,1.12,18.31,4.9,2.5,1.29,0.16,0.34,11.33,0.1938740589
59.73,0.54,15.64,7.73,1.31,0.38,0.27,0.06,12.15,0.2034153692
62.12,0.9,20.16,3.1,1.01,0.48,0.19,0.12,11.58,0.1864133934
58.79,1.16,18.12,4.95,2.87,1.3,0.16,0.39,10.86,0.1847252934
66.11,0.52,12.75,7.73,0.44,0,0.2,0.05,11.91,0.1801542883
62.2,0.26,19.35,1.87,1.09,0.28,0.12,0.03,12.05,0.1937299035
62.79,0.43,18.28,3.45,0.67,0.4,0.32,0.08,13.18,0.209906036
61.84,0.63,17,2.82,0.64,0.35,0.24,0.06,12.76,0.2063389392
64.7,0.95,14.6,3.75,1.06,1.32,0.04,0.63,11.19,0.1729520866
66.13,0.9,13.64,3.87,0.63,0.77,0.2,0.18,10.92,0.1651292908
62.92,0.84,19.14,2.95,0.99,0.44,0.22,0.11,12.05,0.1915130324
62.63,0.98,16.32,4.06,1.56,0.81,0.01,0.99,10.65,0.1700463037
60.45,0.51,18.28,2.74,2.13,1.03,0.11,0.12,11.93,0.1973531844
63.65,0.26,15.01,3.41,0.77,0.15,0.15,0.02,10.96,0.1721916732
62.462,0.715,17.008,3.51,2.089,0.544,0.115,0.188,10.944,0.175210528
65.94,0.64,14.69,4.45,0.58,0.41,0.12,0.33,11.63,0.1763724598
62.05,0.54,18.36,3.51,0.67,0.45,0.3,0.11,12.98,0.2091861402
60.18,0.47,17.87,3.78,1.74,1.29,0.07,0.23,12.26,0.2037221668
61.9,0.63,16.2,4.68,0.75,2.42,0.02,0.14,10.88,0.1757673667
62.74,0.83,18.6,3.01,1.04,0.52,0.2,0.13,12.58,0.2005100414
65.2,0.86,15.6,3.12,1.16,0.64,0.07,0.16,10.76,0.1650306748
62.92,0.76,18.34,3.11,1.6,0.6,0.14,0.17,11.93,0.1896058487
62.78,0.59,15.91,4.54,0.65,0.35,0.21,0.09,11.7,0.1863650844
64.14,0.38,16.03,0.89,1.38,0.02,0.17,0.06,11.51,0.1794512005
64.9,0.51,15.8,4.85,1.25,0.29,0.16,0.09,11.93,0.1838212635
62.14,0.592,13.73,8.04,1.14,0.23,0.308,0.056,11.27,0.1813646604
63.15,1.04,17.31,4.01,1.32,1.47,0.08,0.27,11.35,0.1797307997
62.11,0.47,14.04,5.58,0.55,0.24,0.25,0.04,11.51,0.1853163742
60.74,0.56,15.94,5.79,1.3,0.32,0.26,0.02,11.71,0.1927889365
63.29,0.27,14.98,3.58,0.8,0.11,0.16,0.03,10.98,0.1734871228
63.71,0.31,19.91,1.63,1.55,0.12,0.07,0.01,12.71,0.1994977241
62.53,0.19,16.9,5.29,1.3,0.09,0.15,0.1,11.58,0.1851911083
59.65,0.75,16.11,4.8,4.78,1.56,0.07,0.24,8.72,0.1461860855
60.23,0.59,16.14,4.62,4.56,4.22,1.93,0.24,7.54,0.125186784
57.4,1.7,15.9,6.12,6.4,2.8,0.1,0.8,8.1,0.1411149826
60.92,1.3,16.83,5.43,3.67,1.75,0.18,0.44,8.52,0.1398555483
53.85,0.86,17.08,5.67,2.94,1.57,0.07,0.46,9.78,0.1816155989
57.38,0.93,15.3,7.25,4.09,4.34,0.09,0.14,6.91,0.1204252353
57.59,1.21,16.95,6.35,5.95,2.61,0.12,0.44,6.22,0.108004862
59.97,0.68,18.16,8.88,0.37,0.13,0.04,0.23,7.29,0.1215607804
60.72,0.85,16.83,4.38,5.41,2.52,0.07,0.38,6.71,0.1105072464
54.69,1.18,19.8,5.69,6.07,1.94,0.15,0.56,8.82,0.1612726275
61.1,0.61,16.66,4.16,4.75,3.81,1.56,0.25,8.1,0.1325695581
58.47,1.09,16.84,4.89,5.15,1.89,0.08,0.49,8,0.136822302
57.85,1.07,17.8,6.5,3.93,2.02,0.14,0.22,9.35,0.161624892
58.95,1.15,16.8,4.69,6.5,3.18,0.09,0.4,7.36,0.1248515691
58.6,1.02,18.09,5.38,6.2,3.03,0.07,0.38,6.51,0.1110921502
59.7,1.119,16.97,4.88,4.96,3.16,0.09,0.505,7.022,0.1176214405
54.84,0.73,18.04,9.15,4.09,0.83,0.26,0.35,9.31,0.1697665937
56.76,0.92,15.85,8.31,5.68,2.99,0.13,0.2,6.54,0.1152219873
59.4,1.5,16.7,5.62,0.51,3.52,0.03,0.3,8.8,0.1481481481
57.71,1.1,15.68,5.95,4.66,3.03,0.1,0.55,6.98,0.1209495755
56.33,1.03,16.35,5.97,6.89,3.75,0.1,0.42,6.68,0.1185868986
57,1.25,14.7,5.67,6.02,4.54,0.1,0.72,9.34,0.1638596491
61.8,0.7,12.1,4.05,7.7,4.7,0.1,0.7,7.7,0.1245954693
59.17,0.72,16.53,5.55,4.31,1.77,0.15,0.3,8.65,0.1461889471
56.94,0.79,16.03,4.27,5.25,3.32,0.07,0.56,10,0.1756234633
59.39,0.93,15.3,5.28,4.61,3.41,0.08,0.58,9.67,0.1628220239
56.94,0.87,13.32,8.04,4.28,0.48,0.25,0.13,10.15,0.1782578152
56.48,0.82,15.95,4.7,8.62,2.82,0.09,0.5,8.69,0.1538597734
60.21,1.32,15.27,6.52,3.09,1.83,0.15,0.54,7.93,0.1317056967
58.46,1.17,16.56,5.85,5.58,3.49,0.11,0.46,7.19,0.1229900787
58.18,0.7,19.64,3.55,2.69,0.59,0.22,0.19,10.28,0.1766930217
57.8,0.7599,14.7,8.39,6.01,3.51,0.1419,0.1695,7.42,0.1283737024
54.1,0.66,19.08,6.51,6.97,2.58,0.24,0.38,8.51,0.1573012939
56.22,2.28,14.54,7.9,5.14,2.9,0.11,1.23,6.88,0.1223763785
58.62,1.33,12.54,6.07,3.77,7.24,0.08,0.11,9.18,0.1566018424
55.89,0.83,17.4,5.88,5.61,1.89,0.09,0.38,9.05,0.1619252102
58.92,0.5,19.16,2.81,5.48,3.3,0.07,0.16,6.58,0.11167685
55.35,1.33,16.36,5.6,7.21,1.8,0.15,0.78,9.67,0.1747064137
55.42,1.64,17.4,8.43,4.43,2.61,0.18,1.21,8.69,0.1568025983
55.5,1.79,13.1,6.08,6.93,6.21,0.09,0.68,8.9,0.1603603604
55.27,1.63,12.31,5.87,6.43,8.79,0.08,0.86,8.11,0.1467342139
55.71,0.65,17.48,4.83,5.9,2.83,0.1,0.55,9.68,0.1737569557
61.72,0.67,15.29,5.6,2.72,3.15,0.08,0.4,7.66,0.1241088788
57.41,0.81,14.95,6.16,7.62,6.22,0.1,0.53,6.21,0.1081693085
57.83,0.651,16.77,4.75,5.01,3.08,0.122,0.173,6.376,0.1102541933
59.77,1.24,15.25,6.048,4.37,2.21,0.154,0.63,7.81,0.130667559
59.2,0.63,14.43,5.71,5.92,3.01,0.17,0.36,8.09,0.1366554054
56.27,1.19,19.6,5.38,5.02,1.3,0.12,0.52,9.26,0.1645637107
59.33,0.64,14.61,6.24,5.46,3.03,0.11,0.37,8.25,0.1390527558
54.21,0.69,17.37,5.51,6.5,1.83,0.09,0.26,8.52,0.1571665744
56.23,0.98,17.39,8.57,2.6,0.74,0.22,0.35,10.03,0.1783745332
58.78,0.93,15.86,5.4,5.88,4.01,0.11,0.71,7.71,0.1311670636
56.94,1.14,17.15,6.59,6.48,3.08,0.1,0.31,6.31,0.1108184053
61.9,0.89,16.82,4.35,4.73,1.92,0.06,0.3,7.57,0.1222940226
58.3,0.6463,14.4,7.91,5.58,4.41,0.138,0.1397,7.44,0.1276157804
62,0.8433,13.2,8.45,4.29,2.05,0.1819,0.213,6.97,0.1124193548
56.8,1.29,15.53,6.14,2.79,4.15,0.12,0.43,6.69,0.1177816901
55.87,1.4,18.03,6.15,4.94,2.29,0.21,0.6,9.5,0.1700375873
56.7,1.56,17.75,5.99,3.5,1.95,0.25,0.4,9.94,0.175308642
55.8,1.32,14.86,5.89,5.95,4.29,0.11,0.78,9.1,0.1630824373
54.76,1.4,15.46,6.87,4.32,4.29,0.09,0.77,8.05,0.1470051132
59.18,0.842,17,4.92,5.35,3.13,0.092,0.438,6.549,0.1106623859
58.69,1.02,16.46,6.38,5.49,3.06,0.09,0.33,6.55,0.1116033396
61.56,1.11,17.68,5.19,4.43,0.58,0.02,0.51,7.44,0.1208576998
55.8,1.27,15.9,6.93,4.74,3.02,0.09,0.58,7.41,0.1327956989
59.6,1.19,16.65,5.33,5.29,2.39,0.07,0.58,8.02,0.1345637584
55.46,0.81,17.71,9.28,3.2,1.64,0.157,1.1,9.3,0.1676884241
57.94,1.35,14.93,6.24,5.93,3.06,0.06,0.59,7.12,0.1228857439
59.19,0.82,16.04,4.62,5.2,3.1,0.08,0.39,6.7,0.1131947964
58.75,0.86,17.48,7,3.4,1.17,0.21,0.3,9.54,0.1623829787
57.72,1.22,16.21,6.64,5.31,3.05,0.1,0.07,8.93,0.1547124047
59.38,1.99,12.89,9.86,4.33,1.93,0.27,0.73,7.1,0.1195688784
60.7,1.17,14.5,9.82,3.72,0.98,0.23,0.43,8.48,0.1397034596
58.95,0.83,19.75,4.27,6.31,1.15,0.07,0.35,7.4,0.1255301103
56.14,1.3,15.51,5.9,6.03,3.45,0.09,0.49,7.08,0.1261132882
59.19,1.14,16.62,5.61,5.02,2.65,0.1,0.441,7.42,0.1253590133
57.61,0.32,18.88,5.16,5.69,1.52,0.18,0.31,6.66,0.1156049297
57.97,1.03,16.88,7.07,6.86,2.92,0.08,0.47,6.72,0.1159220286
55.5,0.88,14.1,4.95,4.75,4.49,0.07,0.7,8.64,0.1556756757
55.11,0.86,18.83,6.73,3.6,3.78,0.23,0.53,9.41,0.1707494103
57.65,0.56,16.72,5.99,5.57,3.57,0.12,0.23,6.58,0.1141370338
58.31,1.16,16.44,7.57,5.58,3.56,0.11,0.458,7.07,0.1212484994
57.76,1.01,17.25,5.65,6.33,3.31,0.11,0.23,6.78,0.1173822715
55.87,1.52,12.77,6.15,7.25,6.43,0.12,0.92,8.29,0.1483801682
54.67,1.5,16.73,7.66,5.95,3.77,0.12,0.25,8.49,0.1552954088
58.71,0.54,14.74,6.03,4.76,4.27,0.13,0.28,6.51,0.1108840061
60.2,0.61,16.34,4.52,4.69,4.01,1.8,0.26,8.16,0.1355481728
61.35,0.83,16.66,5.19,1.87,1.57,0.04,0.26,8.1,0.1320293399
57.46,0.84,17.93,5.62,6.86,3.12,0.08,0.26,6.09,0.1059867734
59.48,1.61,14.14,5.36,5.3,2.24,0.08,0.83,7.7,0.1294552791
58.88,1.9,12.85,10.69,4.46,1.58,0.24,0.61,7.1,0.1205842391
54.17,0.58,16.45,4.71,5.46,2.2,0.1,0.46,9.73,0.1796197157
56.88,1.53,11.18,4.81,5.31,7.79,0.03,0.87,11.06,0.1944444444
57.8,0.6947,13.9,8.89,2.68,6.43,0.1109,0.1557,8.21,0.1420415225
55.32,3.63,17.08,9.23,2.82,0.38,0.06,0.68,8.36,0.151120752
61.1,1.6,15.7,5.67,4.9,1.9,0.1,0.8,7.5,0.1227495908
56.9,1.6,15.6,5.94,8,2.9,0.1,0.8,7.6,0.1335676626
54.7,0.87,18.3,6.67,3.38,4.26,0.22,0.11,8.61,0.1574040219
61.37,0.62,16.41,5.81,5.05,2.03,0.17,0.2,6.82,0.1111292162
57.14,0.48,15.96,5.87,6.08,3.74,0.13,0.28,6.84,0.1197059853
43.15,3.41,14.57,11.98,11.72,7.82,0.19,0.64,4.65,0.1077636153
43.03,2.42,12.35,10.16,10.46,11.62,0.19,0.81,3.87,0.08993725308
43.78,3.21,12.27,12.32,11.62,10.3,0.21,0.78,4.64,0.1059844678
43.22,1.64,15.47,9.57,9.85,9,0.18,0.46,4.71,0.1089773253
42.45,3.21,11.85,13.94,10.02,9.62,0.18,0.74,3.94,0.09281507656
44.55,2.53,11.59,11.14,14.49,11.08,0.18,0.36,3.07,0.06891133558
42.05,2.3,10.47,13.01,11.61,14.49,0.21,0.5,3.39,0.08061831153
44.35,3.11,14.98,11.44,10.3,9.43,0.19,0.9,4.99,0.1125140924
44.19,3.19,16.11,10.74,10.67,5.93,0.2,0.72,4.52,0.102285585
42.14,1.74,12.56,11.24,10.51,11.91,0.18,0.79,4.17,0.09895586141
43.95,3.99,13.41,10.97,14.43,7.63,0.18,0.51,3.72,0.08464163823
42.02,5.35,13.28,12.86,12.87,6.81,0.21,1.25,4.97,0.1182770109
43.16,2.84,13.51,11.44,10.71,10.55,0.18,0.83,5.07,0.1174698795
43.05,2.81,11.08,11.94,10.06,13.62,0.19,0.78,4.7,0.1091753775
42.385,3.955,14.037,12.2,11.435,9.7,0.19,0.852,4.764,0.1123982541
43.8,3.15,12.52,12.54,10.8,10.08,0.18,0.53,4.32,0.09863013699
43.15,3.74,13.77,12.56,11.06,8.27,0.2,0.87,4.95,0.1147161066
44.52,2.94,12.25,11.66,12.93,9.45,0.2,0.43,3.48,0.0781671159
42.4,3.5,10.3,11.88,10.7,14.9,0.17,0.42,3.4,0.08018867925
44.15,2.51,12.57,10.85,12.03,13.08,0.19,0.39,3.1,0.07021517554
42.5,2.25,12.99,12.61,11.27,9.83,0.23,0.88,4.47,0.1051764706
44.77,2.18,11.49,12.59,10.8,14.56,0.19,0.29,3.14,0.07013625195
43.52,1.82,14.15,11.25,9.73,13.87,0.18,0.51,3.61,0.08295036765
43.43,2.827,13.41,12.521,10.36,10.41,0.207,0.838,4.48,0.1031545015
43.93,2.18,13.65,10.17,10.2,9.77,0.19,0.59,4.4,0.1001593444
43,2.87,14.2,11.07,11.5,9.4,0.19,0.94,4.81,0.1118604651
43.3,2.84,11.55,11.88,10.75,12.7,0.17,0.41,3.34,0.07713625866
42.06,2.59,12.69,10.03,10.99,9.92,0.24,0.98,4.76,0.1131716595
42.27,1.82,12.67,11.35,11.9,11.24,0.16,0.82,3.55,0.08398391294
43.53,2.66,14.27,10.49,12.91,10.32,0.18,0.48,4,0.09189065013
42.2,3.63,13.31,13.79,9.83,9.08,0.19,0.45,4.53,0.1073459716
41.15,3.1,12.12,12.35,11.81,10.37,0.21,1.34,4.68,0.1137302552
42.7,3.34,14.3,12.33,11.6,8.1,0.18,0.62,4.65,0.1088992974
44.04,2.232,11.28,12.31,11.37,13.22,0.21,0.361,3.469,0.07876930064
43.13,3.25,14.5,11.63,10.52,7.01,0.18,1.29,4.33,0.1003941572
44.14,2.35,14.35,10,11.01,12.14,0.17,0.65,4.87,0.1103307657
41.9,3.03,13.8,11.43,10.7,12.3,0.18,0.63,3.91,0.09331742243
42.67,2.65,14.28,10.95,10.12,11.41,0.18,0.66,4.79,0.1122568549
42.82,2.73,13.22,11.08,12.07,9.42,0.12,0.582,4.63,0.1081270434
43.81,4.55,11.35,16.17,9.13,9.27,0.25,0.48,3.2,0.07304268432
43.92,1.9,12.06,10.7,13.52,10.37,0.19,0.65,4.3,0.09790528233
42.63,3.17,11.32,14.58,11.31,11.97,0.17,0.39,4.26,0.09992962702
42.83,3.69,13.45,11.12,14.5,7.78,0.21,1.38,3.32,0.07751575998
41.95,2.1,11.36,11.68,10.15,14,0.22,0.59,4.12,0.09821215733
43.22,1.12,10.92,8.11,13,10.3,0.16,1.25,4.47,0.1034243406
43.64,3.1,13.59,10.93,9.75,10.41,0.18,0.78,3.91,0.08959670027
44.76,2.25,9.87,11.72,11.3,15.1,0.21,0.55,3.23,0.07216264522
43.83,1.65,15.47,8.82,12.84,6.19,0.16,0.433,3.92,0.08943645905
43.5,3.55,12.19,12.32,9.77,9.1,0.19,1.1,4.94,0.1135632184
43.07,2.95,11.03,11.97,10.06,13.8,0.17,0.55,3.74,0.08683538426
42.75,3.62,12.7,11.33,12.58,11.08,0.19,0.61,4.14,0.09684210526
43.36,2.93,9.25,12.52,9.79,12.34,0.18,1.13,5.02,0.1157749077
42.61,2.44,10.97,12.88,11.68,13.79,0.18,0.43,3.38,0.07932410232
43.53,2.33,12.38,11.75,12.39,10.52,0.19,0.43,3.64,0.08362049161
42.35,2.44,11.53,12.21,9.75,8.76,0.29,1.14,4.72,0.1114521842
43.39,3.57,11.37,11.93,9.33,12.96,0.15,1.07,3.95,0.09103480065
44.03,3.55,12.87,11.27,12.66,10.58,0.17,0.56,3.08,0.06995230525
42.2,1.143,8.38,10.67,12.26,19.12,0.189,0.934,3.42,0.08104265403
42.37,3.19,11.68,13.47,10.46,9.6,0.18,0.72,3.5,0.08260561718
44.72,2.26,11.46,11.72,11.83,11.12,0.19,0.42,4.14,0.09257602862
43.52,2.59,11.09,11.36,9.39,13.48,0.18,1,4.58,0.1052389706
43.72,2.88,15.94,10.64,9.93,6.45,0.1416,0.828,4.7,0.1075022873
42.96,2,13.01,10.28,14.24,9.81,0.199,0.8,5.08,0.1182495345
43.42,2.79,13.34,11.63,10.21,8.73,0.17,1.24,5.18,0.1192998618
42.48,2.68,13.11,10.64,11.81,11.46,0.2,0.761,4.17,0.09816384181
42.99,3.82,14.48,11.92,12.82,7.68,0.17,0.59,4.2,0.09769713887
42.71,3.92,13.29,11.56,12.66,9.32,0.2,0.69,4.21,0.09857176305
43.8,3.17,14.06,11.21,10.62,8.3,0.22,1.03,5.02,0.1146118721
42.26,3.01,13.32,10.91,12.05,9.51,0.21,0.65,4.94,0.1168954094
42.965,3.385,12.607,11.65,12.235,12.12,0.19,0.742,3.854,0.08970091935
43.4,2.67,12.9,11.5,11.4,11.9,0.18,1.01,4.66,0.1073732719
41.9,3.58,14.7,14.04,8.3,6.77,0.21,1.32,4.91,0.1171837709
42.75,4.04,14.24,14,12.03,6.78,0.18,0.57,4.81,0.1125146199
43,2.66,12,11.43,10.9,13.1,0.23,0.55,4.41,0.1025581395
44.7,3.03,15,12,10.4,5.72,0.22,0.75,4.75,0.1062639821
41.3,2.69,11.28,11.13,11.86,8.39,0.18,1.35,4.85,0.117433414
43.44,4.21,12.39,12.6,12.29,8.62,0.21,1.07,4.94,0.1137200737
42.8,3.52,15.42,10.64,10.5,5.69,0.2,0.7,4.53,0.1058411215
42.8,3,11.5,11.61,11.4,13.2,0.3,0.8,4.2,0.09813084112
42.48,4.53,14.4,12.81,12.15,6.47,0.187,0.689,4.262,0.1003295669
43,2.87,11.7,10.89,12.2,12.7,0.23,0.56,4.36,0.1013953488
42.35,2.97,12.91,11.17,11.9,10.46,0.22,0.67,4.58,0.1081463991
44.87,2.71,10.06,11.24,10.68,14.61,0.17,0.58,5.09,0.1134388233
44.2,4,14.65,11.79,12.19,7.44,0.19,0.78,3.46,0.07828054299
44.13,1.82,14.11,12.59,8.96,9.76,0.22,0.31,3.39,0.07681849082
43.725,3.245,14.157,11.84,11.38,10.33,0.2,0.642,4.527,0.1035334477
42.05,3.21,14.63,11.62,11.46,7.42,0.21,0.65,4.49,0.1067776457
43.02,2.85,12.5,12.6,9.81,12.33,0.18,0.61,4.02,0.09344490934
43.83,2.78,12.24,11.12,10.81,12.35,0.18,0.93,4.53,0.1033538672
44.21,2.51,13.29,11.9,8.96,8.99,0.16,0.83,5.19,0.1173942547
44.73,3.78,14.41,12.28,12.67,6.09,0.17,0.51,4.06,0.09076682316
44.51,2.3,13.45,11.62,9.26,9.82,0.17,0.69,4.22,0.09481015502
41.97,2.37,9.9,12.09,8.47,15.4,0.19,0.95,5.09,0.1212771027
42.34,4.61,13.58,12.82,11.74,8.24,0.179,0.578,3.931,0.09284364667
41.86,4,14.27,12.72,14.31,7.59,0.19,0.21,3.44,0.08217869087
42.04,4.67,13.38,13.6,12.12,7.22,0.193,0.673,3.969,0.09441008563
42.31,3.4,11.88,12.98,10.69,12.26,0.18,0.74,4.15,0.09808555897
43.5,1.96,11.25,11.11,11.5,15.95,0.2,0.42,3.78,0.08689655172
43.16,3.94,14.74,13.49,9.37,7.83,0.21,1.09,3.51,0.0813253012
42.14,3.73,13.04,12.5,11.74,8.74,0.12,0.827,4.17,0.09895586141
47.52,2.89,16.23,11.77,8.62,4.67,0.24,0.81,5.29,0.1113215488
49.49,2.55,13.43,9.53,7.831,8.079,0.129,0.891,6.448,0.1302889473
48.1,1.51,19.06,9.705,9.95,4.46,0.17,0.37,5.57,0.1158004158
49.8,3.5,13.2,12.74,6.9,4.1,0.22,1.2,5.5,0.1104417671
49.48,2.04,15.71,10.1,7.801,7.17,0.142,0.495,5.878,0.1187954729
47.54,1.6,17.27,10.09,10.98,5.99,0.19,0.44,5.37,0.1129575095
48.68,2.92,17.11,11.39,7.69,5.2,0.581,0.62,5.77,0.1185291701
47.13,3.35,16.64,11.79,8.33,4.4,0.25,0.79,5.57,0.1181837471
45.95,3.48,13.39,16.29,7.89,4.8,0.2,1.94,5.23,0.1138193689
47.25,0.7,13.14,10.1,11.42,7.53,0.19,0.55,5.58,0.1180952381
49.57,2.59,15.6,14.32,7.97,4.88,0.2,0.84,5.62,0.1133750252
48.37,1.74,14.08,8.36,10.21,7.66,0.13,1.166,5.93,0.1225966508
47.5,1.86,17.1,11.2,9.99,4.44,0.21,0.5,5.98,0.1258947368
48,2.31,17,11.43,7.75,5.31,0.206,0.66,5.155,0.1073958333
47.08,2.321,13.58,10.48,8.901,8.568,0.148,0.66,5.283,0.112213254
47.15,2.11,14.98,10.47,8.53,9.03,0.16,0.57,5.39,0.1143160127
48.17,3.02,16.73,11.47,8.27,5.97,0.492,0.65,5.28,0.1096117916
47.67,1.64,17.75,9.812,10.33,5.56,0.17,0.44,5.52,0.1157960982
48.01,2.584,12.94,10.01,9.555,7.078,0.139,0.599,5.4,0.1124765674
48.53,2.26,12.28,9.46,8.17,9.66,0.13,0.8,6.54,0.1347620029
48.38,1.05,12.7,6.46,8.74,10.34,0.11,0.85,6.22,0.1285655229
46.93,2.69,16.19,11.23,8.12,6.37,0.17,1.02,5.12,0.1090986576
48,1.87,17.2,10.8,9.69,4.43,0.21,0.51,6.05,0.1260416667
50.43,3.21,15.07,11.64,7.92,4.02,0.25,0.65,5.68,0.1126313702
47.7,2.81,15.2,10.53,8.81,7.04,0.14,0.67,6.08,0.1274633124
47.7,1.77,18.5,10.4,10.3,4.69,0.18,0.5,5.88,0.1232704403
48.38,1.64,18.8,9.409,10.25,4.67,0.18,0.35,5.45,0.1126498553
48.87,1.12,18.37,8.64,11.34,5.35,0.14,0.5,5.66,0.1158174749
49.1,2.74,14.9,9.31,7.75,6.92,0.14,1.03,6.18,0.1258655804
47.17,1.68,17.25,10.32,10.66,5.59,0.18,0.55,5.64,0.1195675217
50.42,1.08,16.75,8.59,7.85,7.11,0.145,0.522,5.22,0.1035303451
47.8,1.85,17.1,11.1,9.98,4.38,0.19,0.51,5.91,0.1236401674
48.91,2.233,15.49,9.62,8.275,6.988,0.142,0.55,6.213,0.1270292374
48.98,1.31,20.35,9.23,8.71,3.13,0.11,0.26,5.57,0.1137198857
47.02,2.35,19.23,9.34,9.29,3.17,0.14,0.44,5.14,0.109315185
50.66,1.369,14.71,8.19,9.33,9.07,0.151,0.4,5.32,0.1050138176
47.1,2.19,16.4,10.04,8.77,8.02,0.18,0.66,5.58,0.1184713376
46.25,3,16.83,9.26,10.29,5.58,0.18,0.58,5.35,0.1156756757
46.85,0.95,13.48,9.56,11.27,7.12,0.19,0.55,5.24,0.111846318
50.08,2.61,16.87,8.24,7.35,3.75,0.18,0.92,6.38,0.1273961661
49.48,2.31,15.09,9.74,8.33,6.6,0.15,0.5,6.03,0.1218674212
46.49,1.63,13.72,10.08,7.2,13,0.15,0.46,5.41,0.1163691116
48.139,0.715,11.556,6.47,7.011,7.844,0.112,0.521,6.461,0.1342155009
46.59,1.62,14.17,8.28,10.59,8.75,0.16,0.76,5.17,0.1109680189
47.82,2.889,13.16,10.91,8.198,7.959,0.15,0.92,5.998,0.1254286909
49.96,1.75,15.7,10.5,8.13,7.15,0.15,0.3,5.18,0.1036829464
48.2,2.07,16.3,9.82,8.64,7.24,0.184,0.68,5.389,0.1118049793
48.12,2.688,13.79,10.25,8.256,7.522,0.139,0.744,5.419,0.1126142976
47.6,0.72,18.4,8.82,10.3,5.84,0.2,0.42,5.96,0.125210084
48.48,1.67,18.62,9.148,10.33,4.69,0.17,0.34,5.49,0.1132425743
47.1,0.75,16.2,9.09,9.22,7.24,0.21,0.54,5.31,0.1127388535
49.75,1.94,17.18,9.51,9.51,5.12,0.15,0.42,5.35,0.1075376884
51.39,1.61,16.68,8.54,8.71,5.88,0.16,0.34,5.27,0.1025491341
47.45,3.46,16.94,12.07,6.93,4.93,0.15,0.65,5.93,0.1249736565
47.26,1.69,17.18,10.32,10.76,5.66,0.18,0.53,5.65,0.1195514177
49,2.05,15.13,9.5,8.81,8.17,0.14,0.48,5.34,0.1089795918
48.5,2.182,15,10.16,9.99,6.01,0.19,0.487,5.59,0.115257732
46.84,2.02,14.78,10.28,8.93,8.73,0.16,0.52,5.25,0.1120836892
48.27,1.48,18.82,9.28,9.67,4.81,0.17,0.44,6.09,0.1261653201
49.02,1.6,18,8.86,8.29,3.69,0.16,0.62,6.18,0.1260709914
51.18,2.22,13.84,11.7,8.01,5.74,0.23,0.4,5.22,0.101992966
48.09,1.25,16.58,11.5,5.76,5.79,0.43,0.53,5.51,0.1145768351
49.43,2.09,13.94,10.97,10.01,5.06,0.2,0.65,5.64,0.1141007485
48.2,1.86,17.1,10.8,9.43,4.3,0.21,0.52,6.29,0.1304979253
47.3,1.9,16.8,11.4,10.2,4.53,0.22,0.5,5.95,0.1257928118
49.16,1.67,17.83,9.37,9.16,4.19,0.18,0.51,6.25,0.1271358828
47.68,3.57,14.8,13.43,8.27,3.99,0.26,0.92,5.3,0.1111577181
49.53,3.49,15.58,11.02,7.97,4.6,0.181,0.66,5.78,0.1166969513
48.7,1.09,16.57,9.65,10.21,4.2,0.19,0.5,5.62,0.1154004107
50.2,1.6,16.9,7.79,8.34,7,0.15,0.5,5.55,0.1105577689
47,3.32,14.4,10.7,7.34,7.34,0.15,0.75,5.44,0.1157446809
48.56,1.38,18.26,8.74,10.29,5.67,0.16,0.53,6.4,0.1317957166
48.8,2.37,15.35,10.28,8.42,7.5,0.14,0.57,5.85,0.1198770492
48.4,1.93,16.7,11,9.38,4.71,0.22,0.52,5.98,0.123553719
47.42,1.88,19.34,10,5.45,6.1,0.19,0.3,5.78,0.1218894981
47.8,1.89,16.8,11.2,9.81,4.47,0.22,0.5,6.08,0.1271966527
49.13,1.44,17.41,7.69,7.22,6.95,0.14,0.6,5.65,0.1150010177
47.67,1.64,17.73,10,10.08,5.19,0.18,0.53,5.81,0.1218795888
48.32,3.41,14.53,12.29,7.62,4.41,0.21,1.33,5.54,0.1146523179
48.34,2.313,13.71,10.14,8.35,6.434,0.132,0.682,6.187,0.1279892429
49.43,1.45,20.5,7.97,9.71,3.39,0.15,0.7,5.27,0.1066154157
48.07,2.329,14.81,9.75,9.353,6.03,0.145,0.52,5.569,0.1158518827
48.71,1.37,18.4,8.68,10.1,5.69,0.16,0.53,6.35,0.1303633751
49.23,1.03,16.04,7.68,10.03,9.54,0.14,0.37,5.27,0.1070485476
49.3,2.77,17.97,12.11,5.79,1.55,0.13,1.31,6.41,0.130020284
48.1,1.94,16.6,11.1,9.57,4.81,0.22,0.51,5.9,0.1226611227
47.14,1.68,17.61,10.01,10.29,5.28,0.17,0.6,5.91,0.1253712346
48.69,2.26,14.27,9.3,8.62,6.8,0.13,0.74,5.34,0.1096734442
48.14,1.62,15.01,9.95,8.1,8.85,0.14,0.41,5.45,0.1132114666
50.83,1.426,15.58,7.44,8.3,8.99,0.126,0.568,5.516,0.1085185914
48.3,1.58,18.69,9.472,9.74,4.83,0.17,0.4,6.1,0.1262939959
51.4,0.83,14.42,6.6,9.42,7.91,0.09,0.43,5.15,0.1001945525
49.57,1.822,12.75,6.35,11.06,6.03,0.113,0.556,5.461,0.11016744
48.63,3.33,14.73,11.48,8.24,4.27,0.21,1.01,5.33,0.1096031256
47.97,1.26,17.09,8.67,7.57,6.3,0.14,0.37,5.57,0.1161142381
47.08,2.29,16.74,11.45,8.23,7.34,0.2,0.588,5.28,0.1121495327
46.4,2,16.1,11.9,10.9,5.54,0.22,0.44,5.26,0.113362069
48.3,1.05,12.71,6.42,8.69,10.43,0.11,0.83,6.21,0.1285714286
47.7,1.76,18.2,10.5,10.4,4.8,0.18,0.51,5.89,0.1234800839
49.2,1.56,15.25,8.39,9.86,5.33,0.18,1.05,6.64,0.1349593496
56.4,0.42,18.6,3.48,2.09,0.46,0.22,0.08,12.64,0.2241134752
57.53,0.83,19.71,5.01,2.9,0.68,0.21,0.23,12.91,0.2244046584
57.41,0.46,18.45,3.83,3.2,0.89,0.12,0.16,12.26,0.2135516461
55.93,0.13,21.43,3.26,1.12,0.03,0.1861,0.027,14.23,0.2544251743
55.14,1.05,20.51,3.02,2.37,0.53,0.1,0.1,14.47,0.2624229235
55.36,0.45,22.08,2.77,1.66,0.2,0.18,0.06,14.86,0.2684248555
56.8,0.41,18.8,3.7,2.01,0.32,0.26,0.06,13.92,0.2450704225
56.95,0.14,21,2.04,0.97,0.07,0.08,0,14.48,0.2542581212
56.79,0.26,19.17,6.25,2.15,0.97,0.2,0.37,13.84,0.2437048776
57.51,0.45,18.44,3.85,3.1,0.82,0.12,0.17,12.29,0.2137019649
57.34,0.46,18.52,4.01,3.42,0.94,0.12,0.18,12.25,0.2136379491
59,0.3,20,2.15,1.43,0.2,0.22,0.15,14.03,0.2377966102
55.45,1.23,20.73,3.47,2.95,0.59,0.18,0.15,14.23,0.2566275924
57.58,0.19,21.09,1.93,1.57,0.1,0.07,0.01,14.39,0.2499131643
56.26,1,21.41,2.9,2.49,0.59,0.17,0.08,14.43,0.2564877355
58.64,0.51,19.75,4.35,1.91,0.42,0.21,0.15,13.59,0.2317530696
57.2,0.47,18.6,3.93,3.39,0.94,0.12,0.18,12.2,0.2132867133
59.353,0.675,18.622,3.022,0.33,0.342,0.274,0.052,14.408,0.2427509983
56.98,0.12,21.29,1.09,1.42,0.01,0,0,12.96,0.2274482274
55.18,1.07,20.27,3.68,2.49,0.61,0.19,0.1,13.99,0.2535338891
54.73,1.02,19.93,5.43,1.89,0.84,0.28,0.28,14.94,0.2729764297
55,0.41,20.4,3.69,4.8,1.37,0.14,0.18,13.7,0.2490909091
59.52,0.16,20.8,3.88,1.76,0.32,0.19,0.12,14.29,0.2400873656
55.79,0.54,20.5,2.37,1.67,0.31,0.15,0.04,14.98,0.2685069009
55.75,1.01,21.01,3.12,2.49,0.54,0.08,0.14,14.25,0.2556053812
57.81,1,17.83,4.8,0.8,0.83,0.36,0.08,13.48,0.2331776509
57.2,0.29,19.8,2.12,1.32,0.16,0.16,0.03,14.26,0.2493006993
57,0.31,20.1,2.73,1.32,0.53,0.2,0.04,13.32,0.2336842105
57.3,0.102,19.07,4.12,1.38,0.1,0.136,0.036,13.61,0.237521815
55.76,0.46,20.36,1.86,1.57,0.2,0,0.03,13.8,0.2474892396
55.94,0.46,19.73,2.4,1.44,0.34,0.13,0.04,13.62,0.2434751519
55.64,1.07,17.26,5.55,3.31,2,0.12,0.47,13.96,0.2508986341
55.92,1,18.86,5.9,2.72,0.84,0.2,0.25,13.09,0.2340844063
57.16,0.26,20.01,1.91,1.34,0.14,0.09,0.03,14.32,0.2505248425
56.77,0.32,20.56,1.77,1.26,0.07,0.09,0.02,13.82,0.2434384358
55.19,0.57,21.09,2.22,1.61,0.22,0.08,0.08,14.14,0.2562058344
55.89,0.96,20.94,2.62,2.4,0.44,0.11,0.05,14.19,0.2538915727
55.08,1.01,20.05,5.31,1.86,0.8,0.27,0.26,14.74,0.267610748
54.69,1.09,19.2,5.8,2.16,0.97,0.27,0.44,14.29,0.2612909124
58.13,0.13,20.25,4.47,1.32,0.15,0.1854,0.064,12.88,0.2215723379
54.94,0.65,20.7,2.31,1.58,0.24,0.18,0.07,14.54,0.264652348
54.82,0.72,19.88,5.8,2.96,0.73,0.16,0.29,13.98,0.2550164174
55.12,1.02,19.91,5.32,1.87,0.83,0.27,0.27,14.73,0.2672351234
56.21,0.11,21.63,3.63,0.97,0.05,0.1696,0.049,14.48,0.2576054083
55.41,1.01,19.74,5.48,1.79,0.83,0.28,0.26,14.66,0.2645731817
57.62,0.57,17.56,2.94,0.6,0.43,0.2,0.06,13.08,0.2270045123
59.59,0.43,20.2,2.99,1.92,0.31,0.22,0.04,13.82,0.2319181071
57.7,0.06,18.3,5.22,1.17,0.24,0.25,0.099,13.19,0.2285961872
58.91,0.62,21.08,3.03,1.29,0.44,0.18,0.11,14.35,0.2435919199
56.15,0.18,20.43,1.54,1.07,0.04,0.03,0.01,14.82,0.263935886
58.44,0.55,17.07,3.72,3.86,1,0.14,0.19,12.95,0.2215947981
55.74,0.4,21.02,1.82,1.46,0.18,0.06,0.02,14.54,0.2608539648
59,0.47,20.35,3,1.08,0.18,0.11,0.09,14,0.2372881356
58.82,0.03,18.81,4.96,1.5,0.14,0.3,0.03,13.97,0.2375042503
55.9,0.41,19.1,4.5,2.6,0.44,0.16,0.06,13.68,0.2447227191
56.06,0.37,20.42,3.1,3.78,0.82,0.13,0.09,14.89,0.2656082768
58.62,0.03,18.55,4.91,0.87,0.01,0.29,0.04,14.7,0.2507676561
55.82,0.09,21.63,3.48,0.89,0.05,0.171,0.046,14.6,0.2615549982
55.79,0.42,19.31,2.35,7.16,0.54,0.18,0.06,14.18,0.2541674135
57.02,0.08,20.1,1.69,1.54,0.04,0.17,0.01,14.73,0.2583304104
57.75,0.8,20.12,3.24,3.11,0.78,0.18,0.15,13.87,0.2401731602
57.65,0.33,19.29,3.52,1.5,0.11,0.12,0.055,13.45,0.2333044232
55.05,0.18,20.1,1.95,1.23,0.11,0.07,0.06,14.19,0.2577656676
55.58,0.27,21.6,2.1,1.11,0.08,0.154,0.02,14.75,0.2653832314
57.748,0.208,22.497,2.75,0.226,0.385,0.262,0.121,13.261,0.2296356584
55.35,0.98,19.34,5.37,1.96,0.84,0.26,0.32,14.58,0.2634146341
58.7,0.82,17.7,3.1,0.91,0.75,0.22,0.15,13.71,0.233560477
56.15,0.82,17.57,6.51,2.69,0.15,0.54,0.06,14.33,0.2552092609
57.08,0.48,18.58,4.09,3.62,1.02,0.12,0.2,12.16,0.2130343378
57.2,0.16,20.44,1.96,2.07,0.2,0.18,0.03,14.51,0.2536713287
57.63,0.49,16.73,3.25,3.42,0.83,0.16,0.12,12.36,0.2144716294
57.35,1.377,17.21,8.51,0.23,1.03,0.093,0.06,12.835,0.2238012206
57.07,0.46,18.8,3.91,3.42,0.91,0.11,0.18,12.42,0.217627475
57.1,0.62,16.06,7.52,1.77,0.4,0.41,0.06,12.65,0.2215411559
59.58,0.26,20.44,1.94,1.21,0.1,0.177,0.05,14.19,0.2381671702
55.99,0.17,20.57,1.99,1.99,0.2,0.16,0.03,14.21,0.2537953206
56.99,0.1,19.88,1.74,2.17,0.11,0.18,0.01,14.52,0.2547815406
55.65,0.19,21.19,2.11,0.63,0.26,0.32,0.02,14.09,0.2531895777
56.5,0.41,18.8,3.7,2.09,0.35,0.26,0.06,13.69,0.242300885
56.87,0.5,18.71,4.36,3.62,0.93,0.12,0.2,12.39,0.2178653068
55,1.02,19.83,5.38,1.86,0.83,0.28,0.31,14.81,0.2692727273
59.02,0.89,18.32,3.08,2.16,0.73,0.18,0.16,13.48,0.2283971535
55.18,1.02,19.54,5.55,2.12,0.88,0.27,0.35,14.54,0.2635012686
56.17,0.13,20.29,1.91,1.81,0.2,0.17,0.03,14.27,0.2540502047
58.9,0.41,19.25,3.24,1.24,0.24,0.2,0.05,13.62,0.2312393888
56.54,0.12,22.16,1.55,0.69,0,0.16,0.09,14.53,0.2569862045
58.45,0.28,20.6,3.01,2.08,0.2,0.14,0.04,14.87,0.2544054748
56.15,0.11,20,1.75,1.97,0.08,0.17,0.01,14.53,0.2587711487
59.842,0.646,18.649,2.932,0.56,0.327,0.245,0.044,14.78,0.2469837238
55.2,0.37,18.9,4.18,0.21,0.44,0.11,0.07,14.32,0.2594202899
55.78,0.54,21.05,2.12,1.61,0.31,0.14,0.01,14.89,0.2669415561
56.94,0.34,21.62,4.21,1.73,0.33,0.1682,0.135,12.76,0.2240955392
56.2,0.15,20.3,1.87,1.8,0.13,0.17,0.03,14.52,0.2583629893
55.86,0.44,21.31,2.27,1.16,0.18,0.11,0.01,14.69,0.2629788758
54.91,1.4,21.58,3.37,2.56,0.66,0.14,0.17,14.52,0.2644327081
55.96,0.87,20.81,3.26,2.31,0.43,0.16,0,14.43,0.2578627591
55.83,0.41,20.82,3.66,1.56,0.28,0.22,0.07,14.81,0.2652695683
56.6,0.41,18.9,3.69,2.02,0.33,0.26,0.06,13.85,0.2446996466
55.26,0.57,21.66,2.17,1.54,0.27,0.06,0,14.63,0.2647484618
55.96,0.62,20.35,4.54,1.36,0.48,0.12,0.09,14.76,0.2637598284
44.81,0.7,11.76,10.47,10.04,19.43,0.18,0.04,1.3,0.02901138139
44.61,1.2,7.19,12.72,5.26,25.59,0.18,0.18,1.34,0.03003810805
44.04,0.9,8.34,9.83,7.48,20.08,0.15,0.13,0.82,0.01861943688
43.69,1.67,8.42,10.82,9.67,18.2,0.17,0.23,1.69,0.03868162051
43.52,0.46,8.91,11.72,8.58,19.2,0.19,0.05,0.14,0.003216911765
44.63,2.54,8.03,11.12,13.12,17.3,0.1363,0.418,1.42,0.03181716334
44.85,1.84,8.69,12.13,8.65,20.14,0.17,0.18,1.81,0.0403567447
41.6,2,7.2,11.52,9,20.2,0.2,0.2,0.3,0.007211538462
44.2,0.73,8.03,10.58,8.3,25.78,0.18,0.16,0.85,0.01923076923
41.8,1.27,5.87,10.97,6.27,25.7,0.17,0.13,0.9,0.02153110048
43.47,1.24,7.8,11.16,6,24.53,0.168,0.119,1.3,0.02990568208
44.59,2.39,9.83,11.57,9.94,14.1,0.17,0.29,2.49,0.05584211707
41.87,0.53,5.86,9.63,4.5,34.14,0.16,0.03,0.87,0.02077860043
44.4,0.87,8.15,10.51,7.44,22.01,0.15,0.12,1.12,0.02522522523
44.5,1,8.5,10.35,8.1,20.2,0.2,0.1,1.4,0.03146067416
44.48,0.23,7.17,12.24,5.32,27.63,0.18,0.03,0.75,0.01686151079
44.06,0.96,10.68,11.91,11.64,12.71,0.17,0.07,1.42,0.03222877894
43.08,1.38,5.81,12.82,6.18,27.28,0.15,0.11,1.21,0.02808727948
44.91,2.36,8.45,12.14,8.47,21.11,0.17,0.28,2.1,0.04676018704
41.7,1.133,6.67,11.54,4.54,28.69,0.163,0.107,0.82,0.01966426859
43.08,4.71,7.04,13.7,9.49,15.52,0.2,0.54,2.89,0.06708449396
43.1,1.74,7.64,11.69,8.68,19.55,0.17,0.15,1.17,0.02714617169
44.66,1.25,6.22,11.53,5.81,27.19,0.17,0.13,1.29,0.0288849082
44.07,2.14,9.13,14.37,9.24,18.65,0.2,0.19,2.01,0.045609258
42.6,3.33,3.56,14.63,9.09,24.5,0.22,0.43,1.59,0.03732394366
43.89,1.69,7.25,12.79,7.36,22.97,0.15,0.15,1.58,0.03599908863
41.4,1.34,6.57,11.16,8.99,23.1,0.17,0.27,1.8,0.04347826087
44.1,1.78,8.36,11.14,8.67,18.8,0.17,0.24,2.02,0.04580498866
44.43,0.93,9.34,11.18,7.9,22.75,0.22,0.08,1.2,0.02700877785
43.99,1.59,7.46,12.46,7.55,23.48,0.17,0.16,1.54,0.03500795635
44.59,2.42,9.93,11.53,9.51,13.8,0.18,0.3,2.61,0.05853330343
42.73,1.7,6.11,13.18,8.81,24.23,0.2,0.23,1.34,0.03135970044
44.79,2.03,9.46,12.54,8.58,18.39,0.17,0.22,2.29,0.05112748381
41.55,1.29,5.92,10.98,6.28,25.2,0.17,0.14,0.85,0.02045728039
41.69,1.35,6.54,11.54,6.57,24.61,0.15,0.18,1.3,0.03118253778
42.25,4.01,4.64,13.31,9.63,23.91,0.21,0.5,1.67,0.03952662722
41.18,1.25,5.94,10.91,6.1,24.82,0.13,0.12,0.98,0.02379796017
44.72,0.529,10.55,9.73,9.81,22.37,0.164,0.021,1.13,0.02526833631
44.8,1.85,13.2,12.96,8.87,14.3,0.29,0.11,2.24,0.05
42.86,0.323,10.57,10.57,6.25,26.3,0.172,0.04,1.16,0.02706486234
43.04,0.79,6.58,13.08,5.46,23.22,0.189,0.08,0.53,0.01231412639
41.42,0.26,3.6,8.78,4.24,35.13,0.17,0.16,2.01,0.04852728151
44.01,1.63,7.63,12.37,7.72,22.92,0.17,0.16,1.62,0.03680981595
43.6,2.93,9.39,12.46,9.4,16.24,0.18,0.3,2.2,0.0504587156
42.37,1.03,9.02,11.09,11.31,21.33,0.19,0.4,0.98,0.02312957281
41.82,2.96,8.02,12.64,7.7,19.93,0.22,0.73,0.41,0.009803921569
44.92,1.18,7.99,10.51,8.77,18.87,0.16,0.1,1.24,0.02760463045
43.33,1.44,6.39,12.91,7.47,26.99,0.19,0.15,0.86,0.01984768059
44.21,2.31,7.89,11.7,8.01,18.07,0.16,0.25,2.18,0.04931011083
41.69,1.017,5.596,10.51,4.347,28.36,0.145,0.155,0.204,0.004893259775
41.74,1.19,5.28,10.51,5.76,27.53,0.16,0.13,0.54,0.01293723047
44.08,0.45,11.68,9.88,9.19,17.94,0.18,0.04,0.48,0.0108892922
44.6,1.08,10.3,11.7,4.04,24.6,0.18,0.09,1.48,0.0331838565
44.39,1.22,6.14,11.81,5.53,27.43,0.18,0.12,1.52,0.03424194638
44.17,2.75,8.32,17.95,7.4,17.69,0.18,0.26,0.62,0.01403667648
44.09,1.566,8.244,12.51,6.685,22.56,0.182,0.186,1.964,0.04454524836
44.9,1.76,8.19,11.49,8.79,21.65,0.18,0.24,1.51,0.03363028953
41.62,1.08,8.8,11.32,8.82,21.16,0.16,0.12,0.5,0.01201345507
42.08,1.76,5.42,11.51,4.07,27.08,0.15,0.19,0.68,0.01615969582
44.1,0.31,10.65,9.55,8.03,23.57,0.16,0.03,1.08,0.02448979592
44.71,0.44,13.75,9.33,9.36,14.48,0.14,0.05,0.93,0.02080071572
41.45,5.77,5.84,12.93,7.39,19.71,0.21,1.33,2.93,0.07068757539
44.07,1.31,5.77,13.45,6.28,27.52,0.2,0.11,1.29,0.02927161334
44.34,1.84,15.86,11.5,10.51,9.32,0.23,0.23,2.47,0.05570590889
43.1,1.7,7.62,12.07,8.63,20.3,0.18,0.16,1.57,0.03642691415
43.17,4,14.7,13.24,12.04,7.55,0.1265,0.199,2.77,0.06416492935
44.2,1,8.4,10.53,8.6,20.9,0.2,0.1,1.5,0.03393665158
44.3,1.2,10.2,10.71,8.68,19.2,0.18,0.12,1.53,0.03453724605
44.1,1.24,11.8,10.98,9.59,13.1,0.19,0.13,1.46,0.03310657596
41.93,0.27,4.13,8.91,4.69,32.61,0.17,0.17,2.46,0.05866921059
43.34,1.66,7.73,10.85,7.77,20.67,0.18,0.24,1.54,0.03553299492
43.96,0.88,8.19,10.58,7.86,22.12,0.16,0.12,1.22,0.02775250227
44.62,0.87,6.15,11.04,7.25,27.83,0.17,0.12,0.07,0.001568803227
44.42,1.88,8.82,12.54,7.96,20.3,0.17,0.2,2.04,0.04592525889
42.69,1.92,7.99,11.3,5.75,14.77,0.12,0.3,1.47,0.03443429375
43.86,1.67,7.22,12.53,7.23,23.25,0.16,0.15,1.64,0.03739170087
44.29,1.23,10.72,11.74,10.4,16.78,0.18,0.11,1.51,0.03409347483
44.6,0.56,7.1,11.6,7.89,27.26,0.18,0.05,0.08,0.001793721973
41.24,0.55,7.33,10.01,6.51,25.59,0.13,0.13,1.35,0.03273520854
42.62,3.55,10.97,13.65,12.41,12.97,0.21,0.5,1.51,0.03542937588
44.52,0.8,8.67,10.58,8.27,24.24,0.18,0.18,1.37,0.03077268643
44.68,2.42,11.17,12.04,11.2,13.57,0.18,0.34,2.66,0.05953446732
43.97,2.73,13.37,12.06,11.1,10.72,0.18,0.73,2.89,0.06572663179
43.67,1.83,7.92,11.82,8.22,18.75,0.18,0.16,1.46,0.0334325624
44.41,0.821,7.63,11.66,6.45,27.46,0.229,0.073,0.911,0.02051339788
41.6,1.54,7.91,10.96,9.16,19.26,0.14,0.26,1.84,0.04423076923
42.7,0.649,4.07,11.64,3.26,34.9,0.17,0.06,0.447,0.01046838407
42.52,1.6,7.12,12.08,7.26,21.97,0.14,0.14,1.28,0.03010348071
41.8,1.26,12.95,14.73,8.93,16.59,0.2,0.13,1.77,0.04234449761
43.65,2.07,8.85,15.1,9.02,18.88,0.2,0.19,2.03,0.04650630011
42.05,4.98,4.64,13.92,11.37,19.31,0.21,0.7,2.83,0.06730083234
42.96,2.95,13.24,12.06,11.32,10.47,0.18,0.52,2.83,0.06587523277
43.46,0.52,2.94,18.64,4.53,28.99,0.3,0.03,0.09,0.002070869765
42.01,1.25,9.19,10.46,7.14,23.1,0.17,0.52,2.74,0.06522256606
42.93,3.17,8.28,12.71,10.31,14.59,0.13,0.72,0.83,0.01933379921
41.93,2.32,8.8,13.32,8.64,16.75,0.18,0.45,2.24,0.05342237062
44.53,0.3,4.47,9.94,4.81,34.77,0.17,0.15,0.51,0.01145295307
44.35,1.02,6.46,11.55,4.92,28.99,0.17,0.1,0.89,0.02006764374
43.2,1.2,9.73,11.47,8.9,15.4,0.25,0.52,2.31,0.05347222222
42.2,1.75,5.44,11.47,4.1,27.14,0.15,0.19,0.68,0.01611374408
66.21,0.43,16.32,2.04,2.53,0.77,0.11,0.13,8.96,0.1353269899
63.94,1.12,16.2,4.49,3.61,1.78,0.06,0.49,7.81,0.1221457617
67.62,0.59,16.04,2.26,1.52,0.64,0.06,0.11,9.97,0.1474415853
65.1,0.83,16.15,3.51,2.67,1.13,0.09,0.21,8.96,0.1376344086
65.9,0.77,12.2,2.64,1.82,3.45,0.05,0.61,9.74,0.1477996965
62.68,1.64,14.77,5.78,4.22,1.74,0.1,0.63,7.82,0.1247606892
65.28,1.22,12.8,6.34,1.78,1.34,0.09,0.32,7.93,0.1214767157
66.73,0.55,16.59,2.3,2.41,0.61,0.07,0.1,9.64,0.1444627604
66.83,0.26,15.61,2.5,2.74,1.02,0.02,0.11,8.08,0.1209037857
67.98,0.26,16.01,2.28,2.37,0.36,0.03,0.13,8.07,0.1187113857
63.2,0.66,16.87,4.65,3.4,1.43,0.11,0.35,7.45,0.1178797468
64.36,0.65,17.08,4.27,3.5,1.41,0.14,0.2,7.9,0.1227470479
62.06,1.403,15.52,5.41,4.18,2.02,0.068,0.73,8.61,0.1387367064
62.48,1.27,16.58,5.22,1.77,1,0.03,0.17,8.61,0.1378040973
66.5,0.56,15.75,3.59,3.26,1.16,0.09,0.18,8.2,0.1233082707
67.53,0.58,16.12,2.26,1.37,0.63,0.06,0.11,10.05,0.1488227454
64.66,1.1,16.23,5.06,2.37,1.47,0.09,0.4,8.64,0.1336220229
67.8,0.2,12.1,2.88,1.3,1,0.4,0.1,8.7,0.1283185841
63.4,0.64,15.9,4.1,1.74,0.96,0.04,0.21,9.29,0.1465299685
65.91,0.45,14.63,2.92,2.81,1.48,0.06,0.18,7.73,0.1172811409
62.26,0.89,16.36,3.74,2.21,0.94,0.13,0.22,8.31,0.1334725345
63.6,0.55,14.9,3.33,3.01,1.13,0.06,0.25,9.09,0.1429245283
65.63,1.21,12.89,6.08,2.39,0.97,0.15,0.33,7.77,0.1183909797
68,0.5,15.4,3.27,2.68,0.99,0.06,0.17,8.21,0.1207352941
63.2,0.57,15.4,3.82,1.55,2.41,0.05,0.26,8.74,0.1382911392
68.207,0.878,13.33,3.82,1.434,0.327,0.136,0.247,9.333,0.1368334628
63.1,1.08,16.26,4.44,3.2,1.33,0.1,0.32,8.71,0.1380348653
65.5,0.63,13.7,8.3,2.8,0.16,0.25,0.1,8.52,0.1300763359
66.14,0.37,15.72,3.85,2.28,0.67,0.12,0.12,8.08,0.1221651043
61.84,0.54,16.03,4.98,3.27,1.8,0.08,0.19,9.03,0.1460219922
62.4,1.72,14.75,5.95,4.17,1.72,0.1,0.66,7.86,0.1259615385
64.4,0.47,13.1,9.3,3.25,0.4,0.28,0.17,8.66,0.1344720497
66.93,0.26,15.85,2.92,1.96,0.37,0.03,0.11,8.3,0.1240101599
68.22,0.57,15.39,2.93,1.23,1.02,0.09,0.18,8.37,0.1226912929
63.47,0.88,15.62,4.51,3.79,2.04,0.08,0.31,7.88,0.1241531432
64.94,1.56,14.77,4.12,2.11,0.77,0.13,0.22,8.85,0.1362796427
66.4,0.49,15.69,3.57,3.35,0.92,0.1,0.16,7.8,0.1174698795
64.75,1.19,13.03,5.97,2.53,1.17,0.13,0.31,7.65,0.1181467181
64.37,0.56,17.03,4.25,3.07,1.24,0.1,0.29,7.72,0.1199316452
65.2,0.81,15.65,4.01,3.39,2.12,0.04,0.36,7.97,0.1222392638
66.35,0.66,14.15,4.75,1.36,0.52,0.08,0.29,8.52,0.1284099472
68.21,0.32,15.7,2.28,1.67,0.41,0.08,0.12,8.95,0.1312124322
67.34,0.52,15.1,2.61,2.08,0.83,0.07,0.19,8.58,0.1274131274
68.09,1.8,3.29,0.31,0.1,0.01,0,0,9.37,0.1376119841
64.88,0.9,13.6,6.06,0.5,1.79,0.06,0.17,8.84,0.1362515413
67.9,0.44,13.8,6.26,1.5,0.17,0.2,0.12,9.62,0.1416789396
68.229,0.913,13.305,3.983,1.83,0.454,0.097,0.2,8.363,0.1225725132
64.18,0.62,16.35,4.37,3.8,1.7,0.08,0.19,7.54,0.1174820816
62.61,1.73,14.77,5.82,4.14,1.76,0.09,0.61,7.81,0.1247404568
63.67,1.31,14.34,7.02,1.37,0.13,0.17,0.34,8.55,0.134286163
66.62,0.09,19.86,0.85,0.35,0.07,0.02,0.03,9.05,0.1358450916
62.8,0.81,13.5,9.7,3.37,0.42,0.29,0.17,8.96,0.1426751592
63.5,0.7,15,4.23,3.9,1.9,0.1,0.2,7.3,0.1149606299
66.29,0.658,14.959,4.134,2.697,0.922,0.105,0.334,8.584,0.1294916277
64.62,0.51,16.89,3.84,1.85,1.24,0.06,0.23,8.42,0.1303002167
63.6,0.59,15.7,3.62,1.57,1.41,0.07,0.15,9.57,0.1504716981
63.09,0.85,16.22,5.28,3.68,1.6,0.19,0.36,8.14,0.129022032
62.4,0.55,15.85,3.56,5.04,2.21,0.06,0.36,8.18,0.1310897436
65.86,0.81,14.79,6.7,1.81,1.09,0.15,0.5,8.28,0.1257212268
68.5,0.4,16.14,2.2,1.87,0.64,0.09,0.17,8.71,0.1271532847
65.52,0.61,17.44,3.25,3.49,1.85,0.04,0.23,7.57,0.1155372405
66.7,0.54,16.96,3.28,2.66,0.89,0.09,0.23,8.58,0.1286356822
67.69,0.47,15.24,2.05,1.25,0.48,0.08,0.06,10.08,0.1489141675
68.343,0.886,13.35,4.828,1.97,0.563,0.087,0.251,8.56,0.1252505743
62.87,1.68,14.74,5.72,4.1,1.71,0.1,0.6,7.84,0.1247017655
67.87,0.57,16.01,2.24,1.45,0.67,0.06,0.11,9.72,0.1432149698
62.9,0.89,15.79,4.66,3.74,0.84,0.06,0.29,8.76,0.1392686804
67.67,0.63,15.33,3.11,2.56,1.24,0.08,0.18,8.08,0.1194029851
65.44,1.36,14.45,4.78,3.37,1.35,0.08,0.5,8.14,0.1243887531
63.52,0.59,16.72,3.68,1.42,1.58,0.03,0.16,8.97,0.1412153652
67.63,0.42,14.65,6.12,1.04,1.22,0.05,0.08,8.79,0.129971906
62.53,1.465,15.63,4.43,4.24,2.24,0.076,0.793,8.6,0.1375339837
68.418,0.92,13.524,4.23,2.01,0.552,0.079,0.276,8.239,0.1204215265
65.56,1.42,14.53,4.8,3.26,1.33,0.08,0.5,8,0.1220256254
66.675,0.724,15.021,4.34,2.982,1.059,0.098,0.294,8.163,0.1224296963
66.1,0.67,16.82,3.76,2.14,0.97,0.08,0.17,8.88,0.1343419062
63.35,0.86,16.31,5.37,3.68,1.56,0.2,0.35,7.73,0.1220205209
64.91,0.37,15.55,5.49,3.27,2.46,0.05,0.12,7.78,0.1198582653
64.61,1.14,14.18,6.87,3.11,1.88,0.13,0.48,7.59,0.1174740752
65.18,0.54,15.69,3.64,2.66,1.6,0.06,0.15,8.12,0.1245780914
65.71,0.43,17.3,4.1,0.92,0.3,0.03,0.07,10.36,0.1576624562
67.5,0.46,13.5,6.68,1.91,0.13,0.21,0.08,9.51,0.1408888889
62.08,1.19,14.95,6.42,2.83,0.7,0.11,0.32,8.41,0.1354703608
62.65,1.28,16.62,5.23,1.77,1.01,0.03,0.17,8.61,0.1374301676
65.63,0.85,14.14,6.26,2.87,0.81,0.18,0.2,7.92,0.1206765199
68.522,0.68,13.302,4.636,1.928,0.514,0.151,0.268,8.526,0.1244271913
67.22,0.6,15.75,3.84,1.22,0.47,0.04,0.1,9.55,0.1420708123
62.7,0.96,16.66,4.94,4.19,1.51,0.08,0.47,7.54,0.1202551834
67.722,0.275,16.012,3.36,2.241,0.379,0.04,0.127,8.068,0.1191341071
65.12,0.38,16.62,2.97,2.44,0.41,0.09,0.16,9.26,0.1421990172
64.6,0.82,15.2,3.44,1.84,1.18,0.07,0.26,9.65,0.149380805
67.02,0.06,20.05,0.36,3.45,0.01,0,0,10.2,0.1521933751
63.06,1.21,13.6,7.89,3.71,1.08,0.17,0.34,7.34,0.1163970821
65.66,1.18,12.85,6.11,2.53,0.99,0.12,0.32,7.82,0.1190983856
68.448,0.875,13.612,3.967,1.767,0.436,0.081,0.206,8.716,0.1273375409
65.43,0.69,15.03,3.62,1.43,1.14,0.14,0.15,7.94,0.1213510622
67.5,0.59,16.31,2.58,1.9,0.7,0.08,0.12,9.31,0.1379259259
62.82,1.67,14.68,5.76,4.18,1.69,0.1,0.65,7.81,0.1243234639
67.31,0.6,16.1,3.1,2.05,0.82,0.08,0.13,9.45,0.1403951865
66.16,0.57,16.75,2.68,2.37,0.73,0.07,0.12,9.35,0.1413240629
45.9,0.72,13.35,8.93,9.09,5.98,0.17,0.53,6.63,0.1444444444
45.73,3.39,16.22,11.61,9.1,4.95,0.213,0.9,7.89,0.1725344413
47.08,1.1,16.04,6.85,11.06,5.27,0.14,1.03,8.07,0.1714103653
43.39,5.4,12.66,13.08,11.92,6.1,0.21,1.23,6,0.1382807098
48.4,0.89,15.2,8.85,8.45,4.34,0.16,0.45,7.61,0.157231405
45.6,1.38,12.3,8.37,11,11.4,0.15,1.04,5.73,0.1256578947
42.9,1.72,12.6,8.86,9.47,6.25,0.17,1.5,5.85,0.1363636364
48.41,2.3,15.32,8.72,8.63,6.47,0.17,0.69,7.2,0.1487296013
46.38,2.94,15.18,11.18,9.08,5.5,0.17,0.62,6.35,0.1369124623
43.1,2.91,16.4,10.8,11.5,6.6,0.27,0.68,6.57,0.1524361949
47.46,3.06,17.37,9.06,7.5,3.09,0.26,0.74,7.38,0.1554993679
41.399,2.762,14.71,9.73,11.7,4.883,0.202,0.615,6.024,0.1455107611
42,1.9,12.5,11.43,10,5.7,0.2,1.5,7.4,0.1761904762
47.34,3.26,16.75,10.3,8.89,3.98,0.21,1.34,6.78,0.1432192649
42.1,1.4,9.9,7.5,11.2,16.4,0.1,1.2,6.7,0.1591448931
44.95,3.24,16.21,10.3,10.05,3.51,0.22,0.79,6.79,0.1510567297
43.71,1.94,13.37,9.83,9.4,13.3,0.17,0.77,5.46,0.1249142073
43.1,2.1,11.8,12.6,12.1,6.8,0.3,1.3,5.5,0.1276102088
45,1.4,12.9,8.26,11.4,10.6,0.15,1.11,5.66,0.1257777778
45.313,2.464,16.246,8.92,8.904,4.303,0.24,0.478,7.854,0.1733277426
42.71,0.84,17.61,10.19,12.87,3.86,0.27,0.47,5.72,0.1339264809
45.18,1.1,16.7,8.43,7.4,5.08,0.19,0.62,7.15,0.1582558654
45.85,2.873,15.83,9.49,10.05,3.119,0.2622,0.9674,7.113,0.1551363141
45.94,0.79,18.27,7.45,11.86,5.95,0.13,0.41,8.36,0.1819764911
45.9,0.76,14,9.09,10.15,5.61,0.17,0.51,6.37,0.1387799564
43.72,1.96,13.73,9.8,9.3,12.7,0.17,0.78,5.68,0.1299176578
43.28,1.92,13.12,9.79,9.4,13.5,0.17,0.76,5.32,0.1229205176
47.2,0.78,14.65,9.36,10,5.83,0.18,0.56,6.79,0.1438559322
42,3.1,10.9,12.51,10.5,10.9,0.2,1.5,6.04,0.1438095238
46.75,2.02,15.67,7.82,8.91,6.75,0.21,0.5,7.27,0.1555080214
42.5,4.46,13.55,12.52,9.87,5.27,0.28,0.7,5.7,0.1341176471
44.4,3.65,15.16,12.1,10.67,7.5,0.19,0.76,5.46,0.122972973
47.5,2.84,17.1,8.55,9.1,3.9,0.13,1.2,7.1,0.1494736842
48.9,1.23,13.25,7.08,9.37,5.92,0.14,1.14,7.16,0.1464212679
42,3,10.8,12.69,10,11.4,0.23,1.38,6.19,0.1473809524
43.88,3.46,16.71,11.27,10.15,4.22,0.18,1.16,5.64,0.128532361
43.6,3.77,15.9,12.87,8.82,5.4,0.23,1.21,6.61,0.1516055046
43.2,2.84,17.1,10.26,11.3,4.8,0.24,1.3,7.75,0.1793981481
42.37,4.65,14.4,12.18,9.12,4.93,0.16,1.5,5.67,0.1338210998
43.18,3.84,16.77,12.13,9.27,4.67,0.18,0.65,5.66,0.1310792033
44.18,4.11,14.99,11.12,9.94,5.53,0.17,0.94,5.81,0.1315074694
47.4,2.031,12.29,7.93,10.93,8.99,0.127,2.1,7.76,0.1637130802
48.01,2.03,14.93,10.98,8.71,7.27,0.2,0.46,7.41,0.1543428452
45.7,1.14,16.67,9.3,11.61,4.93,0.19,0.87,7.63,0.1669584245
46.29,1.955,16.1,11.92,8.46,5.09,0.179,0.54,7.957,0.1718945777
44.5,3.54,14.8,10.26,9.85,5.34,0.17,0.81,5.69,0.1278651685
47.88,2.6,17.47,12.52,6.09,3.19,0.19,1.049,7.22,0.1507936508
47.1,3.67,16.5,12.24,8.1,1.27,0.33,1.38,7.37,0.1564755839
44.71,1.5,16.46,6.36,9.4,5.02,0.16,0.65,7.77,0.1737866249
48.44,2.61,16.64,10.62,7.83,3.86,0.15,0.84,7.24,0.1494632535
41.75,2.42,12.89,12.52,12.19,8.12,0.21,1.71,6.29,0.1506586826
43.65,1.92,13.25,9.84,9.24,13.3,0.16,0.76,5.43,0.1243986254
45.02,3.27,16.4,12.12,9.56,4.96,0.21,1.06,7.4,0.1643713905
41.2,4.83,10.54,12.77,10.28,3.54,0.45,1.2,5.97,0.1449029126
42.34,3.69,14.78,11.28,11.96,6.88,0.19,0.92,5.86,0.138403401
45.47,2.9,12.53,12.03,8.21,6.92,0.16,0.38,8.39,0.1845172641
45.09,2.27,15.17,10.41,7.84,9.33,0.16,0.87,6.23,0.1381681082
44.87,3,13.55,10.31,11.8,7.73,0.16,0.73,6.7,0.1493202585
41.76,2.41,14.27,8.92,12.45,8.36,0.18,0.43,5.84,0.1398467433
44.8,1.49,12.9,8.58,11.7,10.5,0.16,1.09,5.88,0.13125
41.44,2.5,12.78,12.53,12.49,8.06,0.22,1.78,6.29,0.1517857143
45.5,1.42,18.14,6.89,7.1,3.06,0.21,1.25,8.73,0.1918681319
45.94,2.29,17.11,11.81,9.13,4.9,0.19,0.62,6.07,0.1321288637
46.98,4.09,16.83,11.01,9.72,3.99,0.19,0.77,6.38,0.1358024691
44.51,2.4,14.17,10.87,11.02,6.66,0.21,0.89,8.07,0.1813075713
44.64,3.18,16.82,9.45,10.29,5,0.19,0.95,7.83,0.1754032258
45.41,1.87,15.06,12.62,4.68,2.44,0.22,1.4,8.78,0.1933494825
42.51,3.69,15.15,11.03,12.03,6.57,0.2,0.98,6.05,0.1423194542
47.3,2.14,15.41,9.78,10.21,5.8,0.18,0.66,7.44,0.1572938689
46.07,0.9,10.58,6.54,7.86,12.11,0.12,0.51,7.333,0.159170827
43.9,1.9,12.9,11.43,10.2,5.7,0.2,1.4,6.9,0.1571753986
42.34,5.33,13.04,11.67,12.23,7.15,0.19,0.84,6.68,0.1577704299
42.35,1.65,15.58,8.94,11.44,4.31,0.23,1.22,6.87,0.1622195986
45.4,4.17,12.47,12.15,8.8,6.3,0.2,0.76,7.12,0.1568281938
46.19,2.35,17.36,11.9,9.03,4.9,0.2,0.65,6.33,0.1370426499
44.25,3.51,16.16,13.39,7.59,5.64,0.18,0.726,6.17,0.1394350282
46.68,1.674,12.46,6.97,11.34,8.02,0.111,1.72,7.5,0.1606683805
47.6,0.8,14.6,9.54,10.35,5.8,0.18,0.57,6.71,0.1409663866
46.73,2.67,16.74,9.51,8.7,5.01,0.19,0.59,6.53,0.1397389257
44.12,1.39,13.93,8.94,12.32,8.76,0.15,1.12,8.26,0.1872166818
47.05,2.13,14.68,9.92,10.23,6.38,0.19,0.73,7.59,0.1613177471
47.445,0.891,10.871,6.41,9.339,10.118,0.112,0.616,6.894,0.1453050901
44.21,3.775,15.587,12.29,11.235,6.2,0.21,0.822,5.434,0.122913368
44.04,2.995,15.5,8.87,9.996,2.905,0.2785,0.7982,7.936,0.1801998183
43.69,3.48,15.48,11.09,10.11,4.62,0.22,1.14,6.72,0.1538109407
46.39,2.76,15.45,10.03,9.76,5.89,0.22,0.56,7.82,0.1685708127
43.72,2.67,12.66,11.37,3.96,2.67,0.15,1.44,6.66,0.1523330284
43.03,1.63,12.95,12.27,12.15,4.45,0.24,1.34,6.01,0.1396699977
45.8,2.64,16.8,9.9,10.6,6,0.28,0.83,5.97,0.130349345
43.77,3.43,17.77,10.87,6.05,3.41,0.19,1.38,6.15,0.1405071967
43.13,3.24,15.27,10.91,10.44,7.54,0.2,0.97,5.48,0.1270577324
43.69,1.93,13.27,9.85,9.27,13.45,0.17,0.78,5.6,0.1281757839
47.75,1.16,13.23,9.05,11.08,8.07,0.13,0.77,7.75,0.1623036649
47.59,2.51,17.68,11.37,7.64,2.93,0.24,0.89,7.87,0.1653708762
43.65,3.52,16.68,11.35,9.88,3.94,0.19,1.29,5.8,0.1328751432
44.94,3.07,12.47,10.55,7.53,10.99,0.14,1.25,8.11,0.1804628393
47.9,0.84,14.85,9.63,8.9,5.36,0.18,0.57,7.48,0.1561586639
45.44,0.76,18.27,8.09,9.1,2.43,0.2,0.56,8.62,0.1897007042
42.62,4.21,14.89,12.38,11.65,6.77,0.2,0.84,6.36,0.1492257156
42.47,0.97,15.72,7.53,12,5.49,0.16,0.86,7.01,0.1650576878
51.31,2.214,14.92,9.22,5.235,5.177,0.118,0.879,9.568,0.1864743715
48.99,1.02,16.67,7.97,9.9,4.96,0.15,0.76,8.69,0.1773831394
46.39,1.97,17.82,7.63,8.68,6.15,0.15,0.86,8.94,0.192713947
50.74,2.45,17.02,6.59,5.69,2.21,0.13,0.92,8.62,0.1698856918
47.83,3.03,11.13,7.83,6.74,9.13,0.12,1.66,10.18,0.2128371315
51.7,2.37,13.32,10.96,6.1,2.4,0.22,0.76,8.94,0.1729206963
48.3,0.9,18.4,7.5,8.48,3.52,0.14,0.88,10.52,0.217805383
48.6,0.77,16,6.43,10.1,4.8,0.14,0.64,9.68,0.1991769547
49.69,1.88,12.76,8.55,7.28,1.55,0.14,0.73,10.52,0.2117126182
48,2.91,11.3,6.93,6.33,8.4,0.11,1.67,10.86,0.22625
49.26,1.09,16.09,8.21,9.67,5.79,0.14,0.85,7.81,0.158546488
51.37,1.87,18.62,5.31,4.91,2.04,0.12,0.65,8.89,0.1730582052
49.81,0.63,19.67,4.91,4.82,2.2,0.19,0.42,8.98,0.1802850833
47.06,3.17,15.64,10.77,8.69,3.39,0.21,0.83,10.25,0.2178070548
48.2,1.8,13.3,7.2,9.5,6.5,0.09,1.8,9.3,0.1929460581
48.03,1.99,14.5,9.7,6.82,10.27,0.14846,1.03,8.47,0.1763481158
47.5,0.96,16.1,7.35,9.88,5.16,0.15,0.83,9.27,0.1951578947
47.89,2.15,15.76,10.01,6.18,5.7,0.14545,1.33,10.73,0.2240551263
49.59,2.626,14.5,9.22,6.755,6.534,0.124,0.813,8.373,0.1688445251
50.2,1.05,13.28,8.05,10.28,6.95,0.14,0.71,8.42,0.1677290837
49.49,2.16,13.01,8.38,7.48,7.82,0.13,0.99,7.92,0.1600323298
48.58,0.76,17.57,6.67,8.06,2.95,0.22,0.65,7.98,0.1642651297
50.22,0.89,16.45,6.85,9.26,5.85,0.12,0.67,8,0.159299084
51.46,5.26,15.18,9.13,3.62,4.04,0.14,0.75,9.16,0.1780023319
50.9,2.1,17.9,7.47,5.5,2.2,0.2,1,8.5,0.1669941061
50.23,2.28,19.38,6.94,5.98,2.43,0.2,0.94,10.17,0.2024686442
48,3.04,16.12,8.95,7.39,3.18,0.17,0.92,9.28,0.1933333333
49,0.74,15.5,6.07,10.4,5.51,0.14,0.62,8.6,0.1755102041
49.4,2.43,17.8,9.2,6.66,3.21,0.27,1.14,7.93,0.1605263158
51.2,2.65,16.9,11.52,4.92,1.17,0.33,1.11,8.58,0.167578125
48.41,0.89,18.19,7.68,8.33,3.49,0.14,0.64,10.99,0.2270192109
47.69,3.01,18.72,9.08,7.33,3.49,0.15,1.2,9.1,0.1908156846
46.28,1.97,17.9,7.44,8.49,6.16,0.14,0.74,9.18,0.198357822
49.63,2.6,13.42,8.85,7.15,7.43,0.12,0.99,8.23,0.1658271207
51.98,0.98,17.31,6.02,7.81,3.8,0.12,0.66,9.19,0.1767987688
48.8,1.728,15.66,11.84,8.53,4.11,0.21,1.08,8.236,0.1687704918
51.77,0.68,19.64,5.63,7.52,1.92,0.14,0.56,9.5,0.1835039598
46.83,1.85,17.99,7.44,8.2,5.94,0.15,0.78,9.2,0.1964552637
48.41,0.93,17.19,6.96,10.35,4.29,0.14,0.93,9.58,0.1978929973
50.24,1.2,12.02,7.3,10.4,8.42,0.14,0.25,9.21,0.1833200637
48.38,3.08,17.49,9.16,8.18,4.08,0.17,0.95,8.16,0.1686647375
48.45,0.92,17.5,6.9,10.05,3.98,0.14,0.93,9.87,0.2037151703
48.26,0.91,17.66,7.62,9.1,4.01,0.15,0.68,10.49,0.2173642768
47.53,1.77,18.17,7.2,7.97,5.58,0.142,0.81,9.29,0.1954555018
47.98,1.01,16.06,7.28,11.25,5.75,0.13,0.7,8.67,0.1807002918
48.34,0.67,17.88,8.87,8.67,2.35,0.2,0.43,11.01,0.227761688
51.8,1.04,16.88,6.65,4.69,3.43,0.2,0.46,9.5,0.1833976834
48.02,0.88,18.18,7.66,8.11,3.41,0.14,0.65,10.46,0.2178259059
47.93,3.03,11.27,7.79,6.67,8.82,0.12,1.79,9.77,0.2038389318
46.53,2.49,17.47,9.39,7.28,3.06,0.24,0.88,9.66,0.2076079948
48.55,1.82,18.76,7.48,7,2.84,0.15,0.79,9.87,0.2032955716
50.75,1.259,16.77,10.66,6.73,4.1,0.188,0.41,8.287,0.1632906404
47.66,2.92,11.17,6.84,6.39,8.33,0.11,1.64,10.27,0.2154846832
51.66,2.19,16.99,9.1,6.54,1.33,0.24,0.48,9.5,0.1838946961
50.04,2.36,18.33,8.11,7.43,2.92,0.21,0.8,7.86,0.1570743405
51.26,1.01,17.58,6.14,7.79,3.6,0.13,0.71,9.47,0.1847444401
50.35,2.29,19.19,7.02,7.2,2.5,0.21,0.53,10.02,0.1990069513
47.03,2.2,15.19,9.95,6.54,6.6,0.14661,1.21,9.31,0.1979587497
46.41,1.65,14.55,8.13,7.35,3.03,0.16,0.66,10.03,0.2161172161
50.44,2.04,17.96,8.32,6.52,2.67,0.25,0.85,9.1,0.1804123711
49.6,2.41,17.7,12.1,5.1,2.55,0.21,1.52,7.82,0.1576612903
48.2,0.87,17,6.96,10.1,4.55,0.14,0.63,8.64,0.179253112
47.82,0.817,13.45,7.23,11.91,6.84,0.133,0.55,8.95,0.187160184
46.3,1.94,17.75,7.56,8.62,5.99,0.149,0.84,8.94,0.1930885529
48.09,0.89,17.46,7.59,9.06,4.04,0.14,0.69,10.31,0.214389686
48.45,3.05,10.97,7.51,6.49,8.64,0.13,1.85,10.1,0.2084623323
48.93,3.05,11.43,6.84,5.76,8.07,0.11,1.22,11.03,0.2254240752
50.34,2.61,17.46,8.87,7.04,2.81,0.18,1.07,8.41,0.167063965
48.71,2.58,16.71,9.16,6.18,2.96,0.2,0.77,7.91,0.162389653
50.63,1.93,17.59,8.91,6.42,2.28,0.24,0.93,8.17,0.1613667786
49.08,2.26,17.07,6.96,5.71,2.04,0.15,1.01,8.41,0.1713528932
48.26,3.02,11.4,6.96,6.15,8.13,0.12,1.72,9.85,0.2041027766
48.64,3.12,11.22,7.65,6.34,8.35,0.13,1.89,10.3,0.2117598684
51.09,1.1,16.86,8.05,4.62,3.53,0.14,0.43,9.02,0.1765511842
47.3,1.81,17.5,6.21,4.4,5.6,0.12,1.4,9,0.1902748414
49.84,2.22,18.49,6.66,5.85,2.26,0.16,0.76,10.04,0.2014446228
48.67,2.59,17.06,8.63,7.14,4.04,0.21,0.74,8.67,0.1781384837
49.49,2.36,16.72,10.59,7.57,3.42,0.2,0.8,7.65,0.1545766822
49.52,1.591,18.39,9.54,6.05,3.01,0.167,0.67,9.781,0.1975161551
50.26,1.02,18.23,7.48,7.79,4,0.14,0.8,9.4,0.1870274572
49.48,1.07,16.23,8.18,9.48,5.67,0.15,0.84,7.99,0.1614793856
47.17,2.99,17.04,10.55,8.64,4.01,0.19,0.82,8.59,0.1821072716
49.37,1.57,13.4,7.71,10.86,6.54,0.16,1.57,7.94,0.1608264128
48.4,2.25,15.18,10.29,7.48,4.69,0.28,0.55,9.73,0.2010330579
47.72,0.805,15.55,7.12,10.15,4.88,0.139,0.46,9.8,0.205364627
48.39,1.84,18.22,7.46,7.85,5.9,0.14,0.81,9.27,0.1915685059
51.2,0.68,16.2,7.62,7.02,3.47,0.18,0.56,9.4,0.18359375
48.08,3.03,10.93,7.66,6.52,8.95,0.11,1.79,10.64,0.2212978369
50.44,1.32,16.82,8.38,8.16,4.44,0.14,1.12,8.37,0.1659397304
50.38,2.858,13.28,10.04,6.297,5.609,0.122,0.927,8.4,0.1667328305
48.42,0.91,17.53,7.67,9.23,4.14,0.14,0.67,10.03,0.2071458075
52.31,2.37,15.43,7.43,7.64,2.66,0.13,0.62,9.38,0.1793156184
48.11,1.02,17.64,7.77,9.41,3.78,0.15,0.87,9.75,0.2026605695
47.36,2.82,11.29,7.14,6.67,8.85,0.11,1.72,10.25,0.2164273649
49.18,1.1,16.04,8.22,9.7,5.84,0.14,0.85,7.84,0.1594143961
48.06,3.4,18.02,9.55,7.7,3.01,0.19,0.88,9.69,0.2016229713
48.53,1.82,18.01,6.73,6.44,5.79,0.12,0.86,8,0.1648464867
47.67,1.77,18.32,7.14,7.72,5.68,0.142,0.79,9.27,0.1944619257
47.09,1.855,18.05,7.34,8.23,5.69,0.15,0.77,8.88,0.188575069
47.91,2.25,14.67,9.92,6.25,7.4,0.14,1.15,9.07,0.1893132958
44.6,0.891,14.83,8.67,10.72,4.2,0.164,0.73,10.46,0.234529148
44.15,3.08,15.1,10.52,8.55,4.38,0.27,0.84,9.69,0.2194790487
44.23,0.89,15.6,8.44,10.19,4.44,0.17,0.95,10.5,0.237395433
44.3,0.92,15.95,9.34,10.82,4,0.25,0.76,11,0.2483069977
46.65,0.832,15.78,7.62,10.19,4.66,0.15,0.74,10.91,0.233869239
46.65,0.832,15.78,7.62,10.19,4.66,0.15,0.74,10.91,0.233869239
42.37,2.75,14.18,12.2,12.23,4.2,0.24,1.56,10.18,0.240264338
40.39,0.9,13.99,13.34,4.87,8.29,0.11,0.31,9.74,0.2411487992
47.78,0.75,14.4,8.37,3.65,6.75,0.08,0.23,12.3,0.257429887
42.05,0.87,13.65,10.21,6.84,6.38,0.14,0.18,10.67,0.253745541
43.97,2.36,18.11,9,4.41,1.41,0.33,0.37,13.95,0.3172617694
42.11,2.85,14.28,12.22,12.2,4.2,0.25,1.59,10.2,0.2422227499
45.07,0.96,15.55,8.06,10.33,4.3,0.16,0.87,10.67,0.2367428445
40.39,0.9,13.99,13.34,4.87,8.29,0.11,0.31,9.74,0.2411487992
47.09,0.62,18.74,4.86,7.05,1.6,0.25,0.21,13.64,0.2896581015
41.86,1.09,18.11,7.62,8.5,1.79,0.191,0.44,10.8,0.2580028667
44.15,3.08,15.1,10.52,8.55,4.38,0.27,0.84,9.69,0.2194790487
47.09,0.62,18.74,4.86,7.05,1.6,0.25,0.21,13.64,0.2896581015
44.3,0.92,15.95,9.34,10.82,4,0.25,0.76,11,0.2483069977
44.23,0.89,15.6,8.44,10.19,4.44,0.17,0.95,10.5,0.237395433
45.07,0.96,15.55,8.06,10.33,4.3,0.16,0.87,10.67,0.2367428445
40.4,0.97,18,7.82,12.5,3.05,0.23,0.69,9.94,0.246039604
47.78,0.75,14.4,8.37,3.65,6.75,0.08,0.23,12.3,0.257429887
42.37,2.75,14.18,12.2,12.23,4.2,0.24,1.56,10.18,0.240264338
42.78,2.827,14.25,11.53,8.52,7.123,0.169,1.595,9.633,0.2251753156
42.46,0.9,15.72,9.14,10.98,4.45,0.19,0.78,11.46,0.2699010834
42.57,0.88,15.71,9.06,11.84,3.97,0.19,0.77,9.95,0.2337326756
41.86,1.09,18.11,7.62,8.5,1.79,0.191,0.44,10.8,0.2580028667
40.4,0.97,18,7.82,12.5,3.05,0.23,0.69,9.94,0.246039604
44.6,0.891,14.83,8.67,10.72,4.2,0.164,0.73,10.46,0.234529148
44.52,0.95,16.17,9.5,10.78,3.93,0.23,0.79,11.65,0.2616801438
41.86,1.09,18.11,7.62,8.5,1.79,0.191,0.44,10.8,0.2580028667
44.15,3.08,15.1,10.52,8.55,4.38,0.27,0.84,9.69,0.2194790487
49.36,1.08,18.3,7.51,5.18,1.08,0.2,0.17,13.69,0.277350081
41.79,1.59,13.21,9.4,8.63,4.19,0.12,1.38,9.8,0.2345058626
47.09,0.62,18.74,4.86,7.05,1.6,0.25,0.21,13.64,0.2896581015
44.52,0.95,16.17,9.5,10.78,3.93,0.23,0.79,11.65,0.2616801438
42.78,2.827,14.25,11.53,8.52,7.123,0.169,1.595,9.633,0.2251753156
47.78,0.75,14.4,8.37,3.65,6.75,0.08,0.23,12.3,0.257429887
42.57,0.88,15.71,9.06,11.84,3.97,0.19,0.77,9.95,0.2337326756
42.11,2.85,14.28,12.22,12.2,4.2,0.25,1.59,10.2,0.2422227499
40.39,0.9,13.99,13.34,4.87,8.29,0.11,0.31,9.74,0.2411487992
41.46,2.45,16.97,8.73,9.63,2.64,0.27,0.77,12.17,0.2935359383
42.78,2.827,14.25,11.53,8.52,7.123,0.169,1.595,9.633,0.2251753156
44.6,0.891,14.83,8.67,10.72,4.2,0.164,0.73,10.46,0.234529148
43.7,3.21,12.93,10.93,7.26,2.22,0.44,0.52,11.13,0.2546910755
42.37,2.75,14.18,12.2,12.23,4.2,0.24,1.56,10.18,0.240264338
42.11,2.85,14.28,12.22,12.2,4.2,0.25,1.59,10.2,0.2422227499
49.36,1.08,18.3,7.51,5.18,1.08,0.2,0.17,13.69,0.277350081
42.18,1.13,17.74,7.51,6.87,1.2,0.37,0.22,13.66,0.323850166
44.23,0.89,15.6,8.44,10.19,4.44,0.17,0.95,10.5,0.237395433
41.79,1.59,13.21,9.4,8.63,4.19,0.12,1.38,9.8,0.2345058626
42.18,1.13,17.74,7.51,6.87,1.2,0.37,0.22,13.66,0.323850166
41.83,0.81,13.69,10.55,6.6,6.34,0.14,0.2,10.46,0.2500597657
44.32,0.89,15.62,8.51,12.09,4.91,0.18,0.96,9.54,0.2152527076
41.83,0.81,13.69,10.55,6.6,6.34,0.14,0.2,10.46,0.2500597657
42.78,2.827,14.25,11.53,8.52,7.123,0.169,1.595,9.633,0.2251753156
42.18,1.13,17.74,7.51,6.87,1.2,0.37,0.22,13.66,0.323850166
47.09,0.62,18.74,4.86,7.05,1.6,0.25,0.21,13.64,0.2896581015
41.46,2.45,16.97,8.73,9.63,2.64,0.27,0.77,12.17,0.2935359383
44.52,0.95,16.17,9.5,10.78,3.93,0.23,0.79,11.65,0.2616801438
44.01,3.08,15.22,10.59,8.37,4.49,0.27,0.84,9.62,0.2185866848
44.32,0.89,15.62,8.51,12.09,4.91,0.18,0.96,9.54,0.2152527076
42.46,0.9,15.72,9.14,10.98,4.45,0.19,0.78,11.46,0.2699010834
43.97,2.36,18.11,9,4.41,1.41,0.33,0.37,13.95,0.3172617694
41.83,0.81,13.69,10.55,6.6,6.34,0.14,0.2,10.46,0.2500597657
44.01,3.08,15.22,10.59,8.37,4.49,0.27,0.84,9.62,0.2185866848
41.83,0.81,13.69,10.55,6.6,6.34,0.14,0.2,10.46,0.2500597657
46.65,0.832,15.78,7.62,10.19,4.66,0.15,0.74,10.91,0.233869239
47.78,0.75,14.4,8.37,3.65,6.75,0.08,0.23,12.3,0.257429887
42.57,0.88,15.71,9.06,11.84,3.97,0.19,0.77,9.95,0.2337326756
49.36,1.08,18.3,7.51,5.18,1.08,0.2,0.17,13.69,0.277350081
49.36,1.08,18.3,7.51,5.18,1.08,0.2,0.17,13.69,0.277350081
46.65,0.832,15.78,7.62,10.19,4.66,0.15,0.74,10.91,0.233869239
45.07,0.96,15.55,8.06,10.33,4.3,0.16,0.87,10.67,0.2367428445
40.4,0.97,18,7.82,12.5,3.05,0.23,0.69,9.94,0.246039604
41.46,2.45,16.97,8.73,9.63,2.64,0.27,0.77,12.17,0.2935359383
42.18,1.13,17.74,7.51,6.87,1.2,0.37,0.22,13.66,0.323850166
45.07,0.96,15.55,8.06,10.33,4.3,0.16,0.87,10.67,0.2367428445
42.05,0.87,13.65,10.21,6.84,6.38,0.14,0.18,10.67,0.253745541
42.05,0.87,13.65,10.21,6.84,6.38,0.14,0.18,10.67,0.253745541
43.97,2.36,18.11,9,4.41,1.41,0.33,0.37,13.95,0.3172617694
41.79,1.59,13.21,9.4,8.63,4.19,0.12,1.38,9.8,0.2345058626
40.4,0.97,18,7.82,12.5,3.05,0.23,0.69,9.94,0.246039604
41.86,1.09,18.11,7.62,8.5,1.79,0.191,0.44,10.8,0.2580028667
44.6,0.891,14.83,8.67,10.72,4.2,0.164,0.73,10.46,0.234529148
41.79,1.59,13.21,9.4,8.63,4.19,0.12,1.38,9.8,0.2345058626
41.46,2.45,16.97,8.73,9.63,2.64,0.27,0.77,12.17,0.2935359383
44.52,0.95,16.17,9.5,10.78,3.93,0.23,0.79,11.65,0.2616801438
43.7,3.21,12.93,10.93,7.26,2.22,0.44,0.52,11.13,0.2546910755
44.23,0.89,15.6,8.44,10.19,4.44,0.17,0.95,10.5,0.237395433
42.37,2.75,14.18,12.2,12.23,4.2,0.24,1.56,10.18,0.240264338
44.01,3.08,15.22,10.59,8.37,4.49,0.27,0.84,9.62,0.2185866848
44.15,3.08,15.1,10.52,8.55,4.38,0.27,0.84,9.69,0.2194790487
40.39,0.9,13.99,13.34,4.87,8.29,0.11,0.31,9.74,0.2411487992
42.46,0.9,15.72,9.14,10.98,4.45,0.19,0.78,11.46,0.2699010834
42.05,0.87,13.65,10.21,6.84,6.38,0.14,0.18,10.67,0.253745541
44.32,0.89,15.62,8.51,12.09,4.91,0.18,0.96,9.54,0.2152527076
44.3,0.92,15.95,9.34,10.82,4,0.25,0.76,11,0.2483069977
44.3,0.92,15.95,9.34,10.82,4,0.25,0.76,11,0.2483069977